Order Date,Product Id,Sales Rep Id,Customer No,Order Qty,Revenue,Cost,Margin Range
97-03-22,60400,1,1024,247,1482,494,Over 65%
97-03-22,60401,1,1024,617,5553,1851,Over 65%
97-07-04,40100,27,1042,34,5610,4420,20% - 65%
97-07-04,40101,27,1042,2,1035,686,20% - 65%
97-07-04,40302,27,1042,1,18,12,20% - 65%
97-07-04,50101,27,1042,32,1024,512,20% - 65%
97-07-04,60101,27,1042,124,1488,496,Over 65%
97-07-04,60400,27,1042,315,1890,630,Over 65%
97-08-31,40100,27,1042,18,2970,2340,20% - 65%
97-08-31,40102,27,1042,3,1665,1110,20% - 65%
97-08-31,40103,27,1042,7,4305,2870,20% - 65%
97-08-31,40202,27,1042,1,84,56,20% - 65%
97-08-31,50203,27,1042,32,256,128,20% - 65%
97-08-31,60301,27,1042,374,3927,1309,Over 65%
97-08-31,60400,27,1042,504,3024,1008,Over 65%
97-03-29,40101,16,1006,2,1035,686,20% - 65%
97-03-29,40103,16,1006,30,18450,12300,20% - 65%
97-03-29,40202,16,1006,25,2100,1400,20% - 65%
97-03-29,50101,16,1006,64,2048,1024,20% - 65%
97-03-29,50101,16,1006,200,6400,3200,20% - 65%
97-03-29,60100,16,1006,49,441,147,Over 65%
97-03-29,60202,16,1006,98,2940,980,Over 65%
97-03-29,60500,16,1006,30,4950,1650,Over 65%
97-03-29,60501,16,1006,30,8100,2700,Over 65%
97-09-03,40102,39,1027,4,2220,1480,20% - 65%
97-09-03,50202,39,1027,32,256,128,20% - 65%
97-09-03,60100,39,1027,24,216,72,Over 65%
97-09-03,60400,39,1027,188,1128,376,Over 65%
97-07-09,40101,9,1001,2,1035,686,20% - 65%
97-07-09,40200,9,1001,7,840,560,20% - 65%
97-07-09,40403,9,1001,37,777,518,20% - 65%
97-07-09,50101,9,1001,48,1536,768,20% - 65%
97-07-09,60102,9,1001,36,1404,468,Over 65%
97-07-09,60402,9,1001,188,1692,564,Over 65%
97-03-25,40100,35,1004,1,165,130,20% - 65%
97-03-25,40101,35,1004,1,517.5,343,20% - 65%
97-03-25,40102,35,1004,1,555,370,20% - 65%
97-03-25,50101,35,1004,80,2560,1280,20% - 65%
97-03-25,60301,35,1004,321,3370.5,1123.5,Over 65%
97-03-25,60402,35,1004,252,2268,756,Over 65%
97-10-16,40102,18,1035,8,4440,2960,20% - 65%
97-10-16,40402,18,1035,42,2268,1512,20% - 65%
97-10-16,50201,18,1035,80,800,400,20% - 65%
97-10-16,60302,18,1035,504,3024,1008,Over 65%
97-10-16,60501,18,1035,14,3780,1260,Over 65%
97-03-23,40200,19,1035,16,1920,1280,20% - 65%
97-03-23,40401,19,1035,3,333,222,20% - 65%
97-03-23,40402,19,1035,32,1728,1152,20% - 65%
97-03-23,50203,19,1035,64,512,256,20% - 65%
97-03-23,60301,19,1035,427,4483.5,1494.5,Over 65%
97-03-23,60500,19,1035,24,3960,1320,Over 65%
97-02-07,40302,30,1006,4,72,48,20% - 65%
97-02-07,40401,30,1006,28,3108,2072,20% - 65%
97-02-07,40403,30,1006,37,777,518,20% - 65%
97-02-07,50102,30,1006,80,4480,2240,20% - 65%
97-02-07,60100,30,1006,49,441,147,Over 65%
97-02-07,60301,30,1006,266,2793,931,Over 65%
97-08-15,40200,21,1026,22,2640,1760,20% - 65%
97-08-15,40201,21,1026,1,129,86,20% - 65%
97-08-15,40300,21,1026,30,405,270,20% - 65%
97-08-15,50102,21,1026,80,4480,2240,20% - 65%
97-08-15,60202,21,1026,62,1860,620,Over 65%
97-08-15,60300,21,1026,124,1116,372,Over 65%
97-02-17,40102,7,1027,8,4440,2960,20% - 65%
97-02-17,40300,7,1027,1,13.5,9,20% - 65%
97-02-17,40301,7,1027,4,524,352,20% - 65%
97-02-17,50102,7,1027,48,2688,1344,20% - 65%
97-02-17,60101,7,1027,87,1044,348,Over 65%
97-02-17,60200,7,1027,74,444,148,Over 65%
97-06-30,40100,19,1001,10,1650,1300,20% - 65%
97-06-30,40101,19,1001,10,5175,3430,20% - 65%
97-06-30,40102,19,1001,10,5550,3700,20% - 65%
97-06-30,40102,19,1001,10,5550,3700,20% - 65%
97-06-30,40103,19,1001,10,6150,4100,20% - 65%
97-06-30,40302,19,1001,7,126,84,20% - 65%
97-06-30,40303,19,1001,32,768,512,20% - 65%
97-06-30,50203,19,1001,64,512,256,20% - 65%
97-06-30,60200,19,1001,36,216,72,Over 65%
97-12-16,40101,22,1008,8,4140,2744,20% - 65%
97-12-16,40201,22,1008,13,1677,1118,20% - 65%
97-12-16,40302,22,1008,36,648,432,20% - 65%
97-12-16,50100,22,1008,80,2240,1120,20% - 65%
97-12-16,60401,22,1008,62,558,186,Over 65%
97-12-16,60402,22,1008,188,1692,564,Over 65%
97-11-11,40100,15,1001,34,5610,4420,20% - 65%
97-11-11,40101,15,1001,4,2070,1372,20% - 65%
97-11-11,40101,15,1001,10,5175,3430,20% - 65%
97-11-11,40102,15,1001,10,5550,3700,20% - 65%
97-11-11,40402,15,1001,62,3348,2232,20% - 65%
97-11-11,50201,15,1001,16,160,80,20% - 65%
97-11-11,60400,15,1001,378,2268,756,Over 65%
97-11-11,60500,15,1001,1,165,55,Over 65%
97-09-28,40102,28,1012,7,3885,2590,20% - 65%
97-09-28,40300,28,1012,7,94.5,63,20% - 65%
97-09-28,40401,28,1012,22,2442,1628,20% - 65%
97-09-28,50100,28,1012,16,448,224,20% - 65%
97-09-28,60202,28,1012,36,1080,360,Over 65%
97-09-28,60402,28,1012,124,1116,372,Over 65%
97-07-19,40102,39,1027,3,1665,1110,20% - 65%
97-07-19,40202,39,1027,19,1596,1064,20% - 65%
97-07-19,40303,39,1027,25,600,400,20% - 65%
97-07-19,50201,39,1027,32,320,160,20% - 65%
97-07-19,60201,39,1027,49,588,196,Over 65%
97-07-19,60400,39,1027,62,372,124,Over 65%
97-04-11,40202,26,1035,1,84,56,20% - 65%
97-04-11,40401,26,1035,3,333,222,20% - 65%
97-04-11,40403,26,1035,37,777,518,20% - 65%
97-04-11,50101,26,1035,48,1536,768,20% - 65%
97-04-11,60201,26,1035,49,588,196,Over 65%
97-04-11,60400,26,1035,442,2652,884,Over 65%
97-08-20,40102,25,1035,8,4440,2960,20% - 65%
97-08-20,40200,25,1035,7,840,560,20% - 65%
97-08-20,40403,25,1035,52,1092,728,20% - 65%
97-08-20,50101,25,1035,64,2048,1024,20% - 65%
97-08-20,60102,25,1035,49,1911,637,Over 65%
97-08-20,60500,25,1035,11,1815,605,Over 65%
97-03-12,40101,7,1001,2,1035,686,20% - 65%
97-03-12,40401,7,1001,37,4107,2738,20% - 65%
97-03-12,40402,7,1001,62,3348,2232,20% - 65%
97-03-12,50100,7,1001,16,448,224,20% - 65%
97-03-12,60200,7,1001,11,66,22,Over 65%
97-03-12,60301,7,1001,159,1669.5,556.5,Over 65%
97-12-16,40303,9,1006,15,360,240,20% - 65%
97-12-16,40400,9,1006,22,1419,946,20% - 65%
97-12-16,40403,9,1006,16,336,224,20% - 65%
97-12-16,50201,9,1006,64,640,320,20% - 65%
97-12-16,60202,9,1006,87,2610,870,Over 65%
97-12-16,60401,9,1006,631,5679,1893,Over 65%
97-02-27,40102,23,1029,10,5550,3700,20% - 65%
97-02-27,40400,23,1029,16,1032,688,20% - 65%
97-02-27,50100,23,1029,48,1344,672,20% - 65%
97-02-27,60200,23,1029,62,372,124,Over 65%
97-02-27,60302,23,1029,453,2718,906,Over 65%
97-08-18,40102,25,1001,8,4440,2960,20% - 65%
97-08-18,40200,25,1001,22,2640,1760,20% - 65%
97-08-18,40301,25,1001,3,393,264,20% - 65%
97-08-18,50101,25,1001,48,1536,768,20% - 65%
97-08-18,60100,25,1001,124,1116,372,Over 65%
97-08-18,60500,25,1001,24,3960,1320,Over 65%
97-04-20,40100,5,1029,15,2475,1950,20% - 65%
97-04-20,40101,5,1029,10,5175,3430,20% - 65%
97-04-20,40102,5,1029,15,8325,5550,20% - 65%
97-04-20,40201,5,1029,25,3225,2150,20% - 65%
97-04-20,40302,5,1029,3,54,36,20% - 65%
97-04-20,50101,5,1029,80,2560,1280,20% - 65%
97-04-20,60102,5,1029,124,4836,1612,Over 65%
97-04-20,60402,5,1029,442,3978,1326,Over 65%
97-09-22,40201,18,1001,16,2064,1376,20% - 65%
97-09-22,40402,18,1001,28,1512,1008,20% - 65%
97-09-22,50202,18,1001,80,640,320,20% - 65%
97-09-22,60100,18,1001,62,558,186,Over 65%
97-09-22,60302,18,1001,301,1806,602,Over 65%
97-03-04,40300,34,1012,16,216,144,20% - 65%
97-03-04,40303,34,1012,22,528,352,20% - 65%
97-03-04,50101,34,1012,48,1536,768,20% - 65%
97-03-04,60101,34,1012,36,432,144,Over 65%
97-03-04,60501,34,1012,31,8370,2790,Over 65%
97-11-23,40100,7,1034,1,165,130,20% - 65%
97-11-23,40102,7,1034,3,1665,1110,20% - 65%
97-11-23,40402,7,1034,7,378,252,20% - 65%
97-11-23,50102,7,1034,80,4480,2240,20% - 65%
97-11-23,60200,7,1034,87,522,174,Over 65%
97-11-23,60401,7,1034,315,2835,945,Over 65%
97-10-26,40100,1,1016,34,5610,4420,20% - 65%
97-10-26,40102,1,1016,10,5550,3700,20% - 65%
97-10-26,40103,1,1016,4,2460,1640,20% - 65%
97-10-26,50100,1,1016,32,896,448,20% - 65%
97-10-26,60102,1,1016,24,936,312,Over 65%
97-10-26,60200,1,1016,36,216,72,Over 65%
97-04-16,40301,26,1007,3,393,264,20% - 65%
97-04-16,40302,26,1007,7,126,84,20% - 65%
97-04-16,40403,26,1007,62,1302,868,20% - 65%
97-04-16,50202,26,1007,32,256,128,20% - 65%
97-04-16,60102,26,1007,62,2418,806,Over 65%
97-04-16,60500,26,1007,24,3960,1320,Over 65%
97-05-03,40100,30,1006,18,2970,2340,20% - 65%
97-05-03,40201,30,1006,8,1032,688,20% - 65%
97-05-03,40402,30,1006,42,2268,1512,20% - 65%
97-05-03,50203,30,1006,48,384,192,20% - 65%
97-05-03,60302,30,1006,150,900,300,Over 65%
97-05-03,60501,30,1006,31,8370,2790,Over 65%
97-05-02,40101,18,1001,2,1035,686,20% - 65%
97-05-02,40300,18,1001,16,216,144,20% - 65%
97-05-02,40400,18,1001,73,4708.5,3139,20% - 65%
97-05-02,50101,18,1001,16,512,256,20% - 65%
97-05-02,60302,18,1001,301,1806,602,Over 65%
97-05-02,60400,18,1001,315,1890,630,Over 65%
97-03-02,40101,19,1032,8,4140,2744,20% - 65%
97-03-02,40202,19,1032,22,1848,1232,20% - 65%
97-03-02,40400,19,1032,32,2064,1376,20% - 65%
97-03-02,50101,19,1032,80,2560,1280,20% - 65%
97-03-02,60201,19,1032,62,744,248,Over 65%
97-03-02,60300,19,1032,378,3402,1134,Over 65%
97-01-27,40201,36,1020,1,129,86,20% - 65%
97-01-27,40302,36,1020,4,72,48,20% - 65%
97-01-27,40402,36,1020,62,3348,2232,20% - 65%
97-01-27,50100,36,1020,32,896,448,20% - 65%
97-01-27,60202,36,1020,36,1080,360,Over 65%
97-01-27,60501,36,1020,14,3780,1260,Over 65%
97-08-10,40100,29,1015,34,5610,4420,20% - 65%
97-08-10,40202,29,1015,16,1344,896,20% - 65%
97-08-10,40302,29,1015,4,72,48,20% - 65%
97-08-10,50100,29,1015,16,448,224,20% - 65%
97-08-10,60400,29,1015,378,2268,756,Over 65%
97-08-10,60401,29,1015,442,3978,1326,Over 65%
97-02-27,40103,41,1028,10,6150,4100,20% - 65%
97-02-27,40200,41,1028,13,1560,1040,20% - 65%
97-02-27,40201,41,1028,3,387,258,20% - 65%
97-02-27,50202,41,1028,48,384,192,20% - 65%
97-02-27,60500,41,1028,24,3960,1320,Over 65%
97-02-27,60501,41,1028,14,3780,1260,Over 65%
97-03-15,40102,27,1042,1,555,370,20% - 65%
97-03-15,40301,27,1042,3,393,264,20% - 65%
97-03-15,40402,27,1042,13,702,468,20% - 65%
97-03-15,50203,27,1042,64,512,256,20% - 65%
97-03-15,60100,27,1042,11,99,33,Over 65%
97-03-15,60101,27,1042,62,744,248,Over 65%
97-08-05,40200,34,1012,19,2280,1520,20% - 65%
97-08-05,40400,34,1012,42,2709,1806,20% - 65%
97-08-05,40403,34,1012,62,1302,868,20% - 65%
97-08-05,50101,34,1012,48,1536,768,20% - 65%
97-08-05,60100,34,1012,98,882,294,Over 65%
97-08-05,60102,34,1012,11,429,143,Over 65%
97-08-16,40100,25,1035,15,2475,1950,20% - 65%
97-08-16,40202,25,1035,7,588,392,20% - 65%
97-08-16,40401,25,1035,13,1443,962,20% - 65%
97-08-16,50202,25,1035,16,128,64,20% - 65%
97-08-16,60102,25,1035,24,936,312,Over 65%
97-08-16,60301,25,1035,427,4483.5,1494.5,Over 65%
97-05-07,40102,22,1022,4,2220,1480,20% - 65%
97-05-07,40302,22,1022,3,54,36,20% - 65%
97-05-07,40401,22,1022,66,7326,4884,20% - 65%
97-05-07,50202,22,1022,16,128,64,20% - 65%
97-05-07,60200,22,1022,11,66,22,Over 65%
97-05-07,60402,22,1022,188,1692,564,Over 65%
97-08-26,40202,16,1001,13,1092,728,20% - 65%
97-08-26,40400,16,1001,42,2709,1806,20% - 65%
97-08-26,40402,16,1001,3,162,108,20% - 65%
97-08-26,50201,16,1001,48,480,240,20% - 65%
97-08-26,60100,16,1001,11,99,33,Over 65%
97-08-26,60401,16,1001,124,1116,372,Over 65%
97-10-17,40101,26,1035,7,3622.5,2401,20% - 65%
97-10-17,40200,26,1035,13,1560,1040,20% - 65%
97-10-17,40301,26,1035,4,524,352,20% - 65%
97-10-17,50102,26,1035,16,896,448,20% - 65%
97-10-17,60102,26,1035,62,2418,806,Over 65%
97-10-17,60201,26,1035,36,432,144,Over 65%
97-08-13,40103,11,1028,1,615,410,20% - 65%
97-08-13,40201,11,1028,3,387,258,20% - 65%
97-08-13,40401,11,1028,28,3108,2072,20% - 65%
97-08-13,50202,11,1028,48,384,192,20% - 65%
97-08-13,60102,11,1028,36,1404,468,Over 65%
97-08-13,60401,11,1028,252,2268,756,Over 65%
97-02-24,40100,9,1010,40,6600,5200,20% - 65%
97-02-24,40101,9,1010,1,517.5,343,20% - 65%
97-02-24,40400,9,1010,62,3999,2666,20% - 65%
97-02-24,50101,9,1010,16,512,256,20% - 65%
97-02-24,60201,9,1010,111,1332,444,Over 65%
97-02-24,60401,9,1010,568,5112,1704,Over 65%
97-04-03,40300,21,1001,1,13.5,9,20% - 65%
97-04-03,40301,21,1001,2,262,176,20% - 65%
97-04-03,40402,21,1001,28,1512,1008,20% - 65%
97-04-03,50201,21,1001,32,320,160,20% - 65%
97-04-03,60300,21,1001,62,558,186,Over 65%
97-04-03,60501,21,1001,14,3780,1260,Over 65%
97-09-19,40201,39,1031,7,903,602,20% - 65%
97-09-19,40303,39,1031,25,600,400,20% - 65%
97-09-19,40402,39,1031,37,1998,1332,20% - 65%
97-09-19,50201,39,1031,80,800,400,20% - 65%
97-09-19,60100,39,1031,74,666,222,Over 65%
97-09-19,60500,39,1031,24,3960,1320,Over 65%
97-01-31,40102,27,1042,4,2220,1480,20% - 65%
97-01-31,40201,27,1042,4,516,344,20% - 65%
97-01-31,40403,27,1042,48,1008,672,20% - 65%
97-01-31,50100,27,1042,64,1792,896,20% - 65%
97-01-31,60100,27,1042,124,1116,372,Over 65%
97-01-31,60501,27,1042,14,3780,1260,Over 65%
97-12-08,40201,30,1033,13,1677,1118,20% - 65%
97-12-08,40202,30,1033,16,1344,896,20% - 65%
97-12-08,40400,30,1033,52,3354,2236,20% - 65%
97-12-08,50201,30,1033,80,800,400,20% - 65%
97-12-08,60201,30,1033,62,744,248,Over 65%
97-12-08,60302,30,1033,301,1806,602,Over 65%
97-08-08,40103,29,1015,1,615,410,20% - 65%
97-08-08,40303,29,1015,7,168,112,20% - 65%
97-08-08,40401,29,1015,73,8103,5402,20% - 65%
97-08-08,50202,29,1015,64,512,256,20% - 65%
97-08-08,60100,29,1015,87,783,261,Over 65%
97-08-08,60400,29,1015,124,744,248,Over 65%
97-11-10,40201,39,1010,13,1677,1118,20% - 65%
97-11-10,40301,39,1010,4,524,352,20% - 65%
97-11-10,40403,39,1010,32,672,448,20% - 65%
97-11-10,50101,39,1010,80,2560,1280,20% - 65%
97-11-10,60100,39,1010,124,1116,372,Over 65%
97-11-10,60402,39,1010,504,4536,1512,Over 65%
97-05-22,40101,12,1039,2,1035,686,20% - 65%
97-05-22,40102,12,1039,1,555,370,20% - 65%
97-05-22,40200,12,1039,16,1920,1280,20% - 65%
97-05-22,50203,12,1039,64,512,256,20% - 65%
97-05-22,60401,12,1039,631,5679,1893,Over 65%
97-05-22,60500,12,1039,24,3960,1320,Over 65%
97-12-10,40200,9,1011,16,1920,1280,20% - 65%
97-12-10,40201,9,1011,1,129,86,20% - 65%
97-12-10,40400,9,1011,37,2386.5,1591,20% - 65%
97-12-10,50203,9,1011,48,384,192,20% - 65%
97-12-10,60100,9,1011,11,99,33,Over 65%
97-12-10,60302,9,1011,403,2418,806,Over 65%
97-10-25,40101,5,1029,2,1035,686,20% - 65%
97-10-25,40103,5,1029,10,6150,4100,20% - 65%
97-10-25,40303,5,1029,3,72,48,20% - 65%
97-10-25,50203,5,1029,64,512,256,20% - 65%
97-10-25,60201,5,1029,111,1332,444,Over 65%
97-10-25,60501,5,1029,14,3780,1260,Over 65%
97-07-31,40103,29,1015,7,4305,2870,20% - 65%
97-07-31,40400,29,1015,16,1032,688,20% - 65%
97-07-31,40402,29,1015,16,864,576,20% - 65%
97-07-31,50102,29,1015,64,3584,1792,20% - 65%
97-07-31,60301,29,1015,535,5617.5,1872.5,Over 65%
97-07-31,60302,29,1015,301,1806,602,Over 65%
97-07-06,40201,8,1007,16,2064,1376,20% - 65%
97-07-06,40301,8,1007,4,524,352,20% - 65%
97-07-06,40400,8,1007,32,2064,1376,20% - 65%
97-07-06,50203,8,1007,32,256,128,20% - 65%
97-07-06,60400,8,1007,504,3024,1008,Over 65%
97-04-10,40103,1,1001,7,4305,2870,20% - 65%
97-04-10,40201,1,1001,19,2451,1634,20% - 65%
97-04-10,40400,1,1001,73,4708.5,3139,20% - 65%
97-04-10,50202,1,1001,48,384,192,20% - 65%
97-04-10,60302,1,1001,201,1206,402,Over 65%
97-04-10,60501,1,1001,14,3780,1260,Over 65%
97-03-14,40100,21,1001,34,5610,4420,20% - 65%
97-03-14,40201,21,1001,13,1677,1118,20% - 65%
97-03-14,40403,21,1001,73,1533,1022,20% - 65%
97-03-14,50202,21,1001,48,384,192,20% - 65%
97-03-14,60500,21,1001,1,165,55,Over 65%
97-03-14,60501,21,1001,31,8370,2790,Over 65%
97-11-01,40103,26,1035,10,6150,4100,20% - 65%
97-11-01,40200,26,1035,8,960,640,20% - 65%
97-11-01,40201,26,1035,19,2451,1634,20% - 65%
97-11-01,50101,26,1035,32,1024,512,20% - 65%
97-11-01,60301,26,1035,374,3927,1309,Over 65%
97-11-01,60400,26,1035,568,3408,1136,Over 65%
97-02-17,40200,7,1033,22,2640,1760,20% - 65%
97-02-17,40202,7,1033,16,1344,896,20% - 65%
97-02-17,40300,7,1033,4,54,36,20% - 65%
97-02-17,50102,7,1033,80,4480,2240,20% - 65%
97-02-17,60101,7,1033,36,432,144,Over 65%
97-02-17,60402,7,1033,124,1116,372,Over 65%
97-07-27,40100,33,1012,9,1485,1170,20% - 65%
97-07-27,40300,33,1012,10,135,90,20% - 65%
97-07-27,40403,33,1012,73,1533,1022,20% - 65%
97-07-27,50201,33,1012,32,320,160,20% - 65%
97-07-27,60302,33,1012,353,2118,706,Over 65%
97-07-27,60500,33,1012,11,1815,605,Over 65%
97-09-23,40100,33,1007,15,2475,1950,20% - 65%
97-09-23,40302,33,1007,22,396,264,20% - 65%
97-09-23,40401,33,1007,13,1443,962,20% - 65%
97-09-23,50203,33,1007,64,512,256,20% - 65%
97-09-23,60401,33,1007,124,1116,372,Over 65%
97-09-23,60501,33,1007,46,12420,4140,Over 65%
97-10-13,40102,1,1016,4,2220,1480,20% - 65%
97-10-13,40400,1,1016,42,2709,1806,20% - 65%
97-10-13,50202,1,1016,80,640,320,20% - 65%
97-10-13,60100,1,1016,24,216,72,Over 65%
97-10-13,60200,1,1016,87,522,174,Over 65%
97-07-30,40101,7,1001,7,3622.5,2401,20% - 65%
97-07-30,40302,7,1001,25,450,300,20% - 65%
97-07-30,50203,7,1001,64,512,256,20% - 65%
97-07-30,60202,7,1001,124,3720,1240,Over 65%
97-07-30,60501,7,1001,14,3780,1260,Over 65%
97-07-28,40101,39,1027,2,1035,686,20% - 65%
97-07-28,40400,39,1027,13,838.5,559,20% - 65%
97-07-28,40403,39,1027,66,1386,924,20% - 65%
97-07-28,50203,39,1027,16,128,64,20% - 65%
97-07-28,60301,39,1027,482,5061,1687,Over 65%
97-07-28,60302,39,1027,353,2118,706,Over 65%
97-06-25,40103,12,1039,1,615,410,20% - 65%
97-06-25,40301,12,1039,2,262,176,20% - 65%
97-06-25,50201,12,1039,64,640,320,20% - 65%
97-06-25,60102,12,1039,74,2886,962,Over 65%
97-06-25,60301,12,1039,374,3927,1309,Over 65%
97-04-14,40100,12,1039,15,2475,1950,20% - 65%
97-04-14,40103,12,1039,1,615,410,20% - 65%
97-04-14,40303,12,1039,7,168,112,20% - 65%
97-04-14,50203,12,1039,32,256,128,20% - 65%
97-04-14,60202,12,1039,111,3330,1110,Over 65%
97-04-14,60401,12,1039,631,5679,1893,Over 65%
97-09-02,40100,3,1041,1,165,130,20% - 65%
97-09-02,40101,3,1041,4,2070,1372,20% - 65%
97-09-02,40303,3,1041,4,96,64,20% - 65%
97-09-02,50101,3,1041,48,1536,768,20% - 65%
97-09-02,60100,3,1041,36,324,108,Over 65%
97-09-02,60500,3,1041,1,165,55,Over 65%
97-07-16,40100,29,1015,2,330,260,20% - 65%
97-07-16,40402,29,1015,13,702,468,20% - 65%
97-07-16,50202,29,1015,32,256,128,20% - 65%
97-07-16,60202,29,1015,74,2220,740,Over 65%
97-07-16,60500,29,1015,36,5940,1980,Over 65%
97-11-20,40101,5,1023,1,517.5,343,20% - 65%
97-11-20,40303,5,1023,13,312,208,20% - 65%
97-11-20,40402,5,1023,37,1998,1332,20% - 65%
97-11-20,50101,5,1023,32,1024,512,20% - 65%
97-11-20,60100,5,1023,111,999,333,Over 65%
97-11-20,60301,5,1023,374,3927,1309,Over 65%
97-04-04,40102,1,1016,10,5550,3700,20% - 65%
97-04-04,40103,1,1016,7,4305,2870,20% - 65%
97-04-04,40202,1,1016,20,1680,1120,20% - 65%
97-04-04,50202,1,1016,64,512,256,20% - 65%
97-04-04,60102,1,1016,87,3393,1131,Over 65%
97-04-04,60201,1,1016,24,288,96,Over 65%
97-06-05,40102,33,1012,3,1665,1110,20% - 65%
97-06-05,40201,33,1012,16,2064,1376,20% - 65%
97-06-05,50203,33,1012,80,640,320,20% - 65%
97-06-05,60200,33,1012,62,372,124,Over 65%
97-06-05,60202,33,1012,124,3720,1240,Over 65%
97-07-19,40301,36,1029,4,524,352,20% - 65%
97-07-19,40400,36,1029,66,4257,2838,20% - 65%
97-07-19,40401,36,1029,28,3108,2072,20% - 65%
97-07-19,50203,36,1029,32,256,128,20% - 65%
97-07-19,60101,36,1029,24,288,96,Over 65%
97-07-19,60302,36,1029,504,3024,1008,Over 65%
97-11-16,40101,27,1024,4,2070,1372,20% - 65%
97-11-16,40301,27,1024,3,393,264,20% - 65%
97-11-16,40302,27,1024,25,450,300,20% - 65%
97-11-16,50101,27,1024,32,1024,512,20% - 65%
97-11-16,60202,27,1024,111,3330,1110,Over 65%
97-11-16,60500,27,1024,11,1815,605,Over 65%
97-12-02,40103,11,1028,1,615,410,20% - 65%
97-12-02,40302,11,1028,19,342,228,20% - 65%
97-12-02,40303,11,1028,1,24,16,20% - 65%
97-12-02,50102,11,1028,64,3584,1792,20% - 65%
97-12-02,60401,11,1028,442,3978,1326,Over 65%
97-12-02,60501,11,1028,1,270,90,Over 65%
97-08-20,40101,5,1029,7,3622.5,2401,20% - 65%
97-08-20,40103,5,1029,3,1845,1230,20% - 65%
97-08-20,40301,5,1029,3,393,264,20% - 65%
97-08-20,50100,5,1029,64,1792,896,20% - 65%
97-08-20,60500,5,1029,24,3960,1320,Over 65%
97-08-20,60501,5,1029,1,270,90,Over 65%
98-11-26,40400,3,1041,30,2031.9,1290,20% - 65%
98-11-26,40403,3,1041,18,396.9,252,20% - 65%
98-11-26,50102,3,1041,48,2956.8,1344,20% - 65%
98-11-26,60100,3,1041,116,1148.4,348,Over 65%
98-11-26,60301,3,1041,248,3256.24,868,Over 65%
98-11-26,60501,3,1041,5,1552.5,450,Over 65%
98-11-26,40101,18,1035,2,931.5,686,20% - 65%
98-11-26,40302,18,1035,14,264.6,168,20% - 65%
98-11-26,50202,18,1035,48,422.4,192,20% - 65%
98-11-26,60100,18,1035,77,762.3,231,Over 65%
98-11-26,60102,18,1035,29,1244.1,377,Over 65%
98-11-26,60201,18,1035,2,26.4,8,Over 65%
98-04-26,40102,8,1018,7,3496.5,2590,20% - 65%
98-04-26,40400,8,1018,21,1422.33,903,20% - 65%
98-04-26,50203,8,1018,32,256,128,20% - 65%
98-04-26,60101,8,1018,93,1227.6,372,Over 65%
98-04-26,60400,8,1018,136,816,272,Over 65%
98-04-26,60401,8,1018,198,2227.5,594,Over 65%
98-10-30,40300,28,1012,12,170.16,108,20% - 65%
98-10-30,40401,28,1012,10,1165.5,740,20% - 65%
98-10-30,50202,28,1012,48,422.4,192,20% - 65%
98-10-30,60201,28,1012,3,39.6,12,Over 65%
98-10-30,60202,28,1012,12,396,120,Over 65%
98-10-30,60400,28,1012,207,1242,414,Over 65%
98-03-29,40202,24,1031,3,239.4,168,20% - 65%
98-03-29,40401,24,1031,7,815.85,518,20% - 65%
98-03-29,50202,24,1031,80,704,320,20% - 65%
98-03-29,60402,24,1031,171,1923.75,513,Over 65%
98-01-23,40103,7,1027,3,1660.5,1230,20% - 65%
98-01-23,40402,7,1027,25,1417.5,900,20% - 65%
98-01-23,50202,7,1027,32,281.6,128,20% - 65%
98-01-23,60301,7,1027,422,5540.86,1477,Over 65%
98-01-23,60500,7,1027,1,189.75,55,Over 65%
98-09-22,40200,18,1001,2,228,160,20% - 65%
98-09-22,40401,18,1001,10,1165.5,740,20% - 65%
98-09-22,50203,18,1001,32,256,128,20% - 65%
98-09-22,60202,18,1001,12,396,120,Over 65%
98-09-22,60302,18,1001,192,1440,384,Over 65%
98-09-22,60501,18,1001,80,24840,7200,Over 65%
98-09-16,40300,39,1031,3,42.54,27,20% - 65%
98-09-16,50203,39,1031,64,512,256,20% - 65%
98-09-16,60102,39,1031,20,858,260,Over 65%
98-09-16,60301,39,1031,50,656.5,175,Over 65%
98-09-16,60500,39,1031,12,2277,660,Over 65%
98-03-22,40100,35,1004,133,25675.65,17290,20% - 65%
98-03-22,40200,35,1004,9,1026,720,20% - 65%
98-03-22,50203,35,1004,64,512,256,20% - 65%
98-03-22,60101,35,1004,12,158.4,48,Over 65%
98-03-22,60500,35,1004,28,5313,1540,Over 65%
98-03-22,60501,35,1004,1,310.5,90,Over 65%
98-03-26,40400,33,1012,75,5079.75,3225,20% - 65%
98-03-26,50201,33,1012,80,880,400,20% - 65%
98-03-26,60100,33,1012,38,376.2,114,Over 65%
98-03-26,60101,33,1012,68,897.6,272,Over 65%
98-03-26,60401,33,1012,171,1923.75,513,Over 65%
98-08-13,40103,34,1003,1,553.5,410,20% - 65%
98-08-13,40303,34,1003,25,630,400,20% - 65%
98-08-13,50203,34,1003,32,256,128,20% - 65%
98-08-13,60200,34,1003,16,105.6,32,Over 65%
98-08-13,60201,34,1003,19,250.8,76,Over 65%
98-08-13,60302,34,1003,363,2722.5,726,Over 65%
98-02-22,40102,25,1007,19,9490.5,7030,20% - 65%
98-02-22,40202,25,1007,7,558.6,392,20% - 65%
98-02-22,50203,25,1007,32,256,128,20% - 65%
98-02-22,60101,25,1007,5,66,20,Over 65%
98-02-22,60201,25,1007,30,396,120,Over 65%
98-02-22,60202,25,1007,6,198,60,Over 65%
98-01-16,40102,15,1001,2,999,740,20% - 65%
98-01-16,50201,15,1001,32,352,160,20% - 65%
98-01-16,60200,15,1001,1,6.6,2,Over 65%
98-01-16,60202,15,1001,3,99,30,Over 65%
98-01-16,60400,15,1001,155,930,310,Over 65%
98-01-07,40100,23,1008,10,1930.5,1300,20% - 65%
98-01-07,40303,23,1008,2,50.4,32,20% - 65%
98-01-07,50203,23,1008,16,128,64,20% - 65%
98-01-07,60101,23,1008,53,699.6,212,Over 65%
98-01-07,60201,23,1008,24,316.8,96,Over 65%
98-01-07,60402,23,1008,45,506.25,135,Over 65%
98-03-11,40102,4,1008,1,499.5,370,20% - 65%
98-03-11,40401,4,1008,1,116.55,74,20% - 65%
98-03-11,50202,4,1008,48,422.4,192,20% - 65%
98-03-11,60301,4,1008,422,5540.86,1477,Over 65%
98-03-11,60302,4,1008,165,1237.5,330,Over 65%
98-03-11,60501,4,1008,1,310.5,90,Over 65%
98-12-01,40100,19,1032,10,1930.5,1300,20% - 65%
98-12-01,40403,19,1032,37,815.85,518,20% - 65%
98-12-01,50203,19,1032,16,128,64,20% - 65%
98-12-01,60201,19,1032,3,39.6,12,Over 65%
98-12-01,60401,19,1032,148,1665,444,Over 65%
98-12-01,60402,19,1032,298,3352.5,894,Over 65%
98-07-08,40103,8,1026,16,8856,6560,20% - 65%
98-07-08,40400,8,1026,37,2506.01,1591,20% - 65%
98-07-08,50101,8,1026,32,1126.4,512,20% - 65%
98-07-08,60202,8,1026,24,792,240,Over 65%
98-07-08,60400,8,1026,49,294,98,Over 65%
98-07-08,60402,8,1026,171,1923.75,513,Over 65%
98-04-01,40300,39,1031,9,127.62,81,20% - 65%
98-04-01,40400,39,1031,7,474.11,301,20% - 65%
98-04-01,50202,39,1031,32,281.6,128,20% - 65%
98-04-01,60101,39,1031,12,158.4,48,Over 65%
98-04-01,60200,39,1031,2,13.2,4,Over 65%
98-04-01,60400,39,1031,12,72,24,Over 65%
98-12-27,40302,26,1035,4,75.6,48,20% - 65%
98-12-27,40402,26,1035,56,3175.2,2016,20% - 65%
98-12-27,50201,26,1035,48,528,240,20% - 65%
98-12-27,60102,26,1035,29,1244.1,377,Over 65%
98-12-27,60200,26,1035,7,46.2,14,Over 65%
98-12-27,60400,26,1035,49,294,98,Over 65%
98-05-01,40300,21,1017,6,85.08,54,20% - 65%
98-05-01,40401,21,1017,8,932.4,592,20% - 65%
98-05-01,50102,21,1017,32,1971.2,896,20% - 65%
98-05-01,60100,21,1017,53,524.7,159,Over 65%
98-05-01,60301,21,1017,79,1037.27,276.5,Over 65%
98-05-01,60402,21,1017,45,506.25,135,Over 65%
98-01-18,40102,40,1007,19,9490.5,7030,20% - 65%
98-01-18,50100,40,1007,64,1971.2,896,20% - 65%
98-01-18,60100,40,1007,62,613.8,186,Over 65%
98-01-18,60300,40,1007,422,4747.5,1266,Over 65%
98-10-21,40201,9,1006,9,1102.95,774,20% - 65%
98-10-21,40202,9,1006,12,957.6,672,20% - 65%
98-10-21,50201,9,1006,16,176,80,20% - 65%
98-10-21,60200,9,1006,19,125.4,38,Over 65%
98-10-21,60301,9,1006,106,1391.78,371,Over 65%
98-10-21,60402,9,1006,348,3915,1044,Over 65%
98-07-19,40202,21,1035,10,798,560,20% - 65%
98-07-19,50203,21,1035,48,384,192,20% - 65%
98-07-19,60100,21,1035,53,524.7,159,Over 65%
98-07-19,60501,21,1035,1,310.5,90,Over 65%
98-07-03,40102,23,1029,10,3750,3700,Under 20%
98-07-03,40300,23,1029,4,56.72,36,20% - 65%
98-07-03,50101,23,1029,16,563.2,256,20% - 65%
98-07-03,60101,23,1029,29,382.8,116,Over 65%
98-07-03,60200,23,1029,2,13.2,4,Over 65%
98-07-03,60301,23,1029,138,1811.94,483,Over 65%
98-11-20,40401,26,1007,10,1165.5,740,20% - 65%
98-11-20,40402,26,1007,37,2097.9,1332,20% - 65%
98-11-20,50100,26,1007,32,985.6,448,20% - 65%
98-11-20,60202,26,1007,28,924,280,Over 65%
98-11-20,60402,26,1007,45,506.25,135,Over 65%
98-11-20,60500,26,1007,28,5313,1540,Over 65%
98-10-10,40102,22,1008,2,1110,740,20% - 65%
98-10-10,40103,22,1008,12,6642,4920,20% - 65%
98-10-10,40400,22,1008,52,3521.96,2236,20% - 65%
98-10-10,50202,22,1008,48,422.4,192,20% - 65%
98-10-10,60201,22,1008,11,145.2,44,Over 65%
98-10-10,60301,22,1008,221,2901.73,773.5,Over 65%
98-10-10,60401,22,1008,348,3915,1044,Over 65%
98-01-26,40101,26,1007,10,4657.5,3430,20% - 65%
98-01-26,40303,26,1007,25,630,400,20% - 65%
98-01-26,50101,26,1007,80,2816,1280,20% - 65%
98-01-26,60100,26,1007,29,287.1,87,Over 65%
98-01-26,60301,26,1007,248,3256.24,868,Over 65%
98-01-26,60400,26,1007,49,294,98,Over 65%
98-12-25,40403,5,1023,12,264.6,168,20% - 65%
98-12-25,50201,5,1023,80,880,400,20% - 65%
98-12-25,60100,5,1023,77,762.3,231,Over 65%
98-12-25,60102,5,1023,45,1930.5,585,Over 65%
98-12-25,60301,5,1023,50,656.5,175,Over 65%
98-02-18,40201,4,1022,6,735.3,516,20% - 65%
98-02-18,40300,4,1022,7,99.26,63,20% - 65%
98-02-18,50202,4,1022,64,563.2,256,20% - 65%
98-02-18,60101,4,1022,12,158.4,48,Over 65%
98-02-18,60200,4,1022,16,105.6,32,Over 65%
98-02-18,60302,4,1022,165,1237.5,330,Over 65%
98-03-20,40201,14,1001,2,245.1,172,20% - 65%
98-03-20,50202,14,1001,80,704,320,20% - 65%
98-03-20,60101,14,1001,77,1016.4,308,Over 65%
98-03-20,60202,14,1001,24,792,240,Over 65%
98-03-20,60300,14,1001,165,1856.25,495,Over 65%
98-02-17,40102,5,1022,7,3496.5,2590,20% - 65%
98-02-17,40300,5,1022,3,42.54,27,20% - 65%
98-02-17,50201,5,1022,16,176,80,20% - 65%
98-02-17,60102,5,1022,29,1244.1,377,Over 65%
98-02-17,60402,5,1022,45,506.25,135,Over 65%
98-02-13,40101,19,1035,28,13041,9604,20% - 65%
98-02-13,40200,19,1035,1,114,80,20% - 65%
98-02-13,50101,19,1035,16,563.2,256,20% - 65%
98-02-13,60201,19,1035,19,250.8,76,Over 65%
98-02-13,60202,19,1035,26,858,260,Over 65%
98-02-13,60500,19,1035,1,189.75,55,Over 65%
98-02-10,40101,19,1035,2,931.5,686,20% - 65%
98-02-10,40302,19,1035,14,264.6,168,20% - 65%
98-02-10,50101,19,1035,48,1689.6,768,20% - 65%
98-02-10,60301,19,1035,422,5540.86,1477,Over 65%
98-02-10,60302,19,1035,221,1657.5,442,Over 65%
98-07-08,40400,9,1010,21,1422.33,903,20% - 65%
98-07-08,40401,9,1010,12,1398.6,888,20% - 65%
98-07-08,50102,9,1010,32,1971.2,896,20% - 65%
98-07-08,60100,9,1010,62,613.8,186,Over 65%
98-07-08,60300,9,1010,248,2790,744,Over 65%
98-07-08,60402,9,1010,273,3071.25,819,Over 65%
98-07-15,40200,1,1001,4,456,320,20% - 65%
98-07-15,40303,1,1001,7,176.4,112,20% - 65%
98-07-15,50203,1,1001,16,128,64,20% - 65%
98-07-15,60101,1,1001,29,382.8,116,Over 65%
98-07-15,60202,1,1001,24,792,240,Over 65%
98-07-15,60300,1,1001,165,1856.25,495,Over 65%
98-12-20,40200,28,1012,10,1140,800,20% - 65%
98-12-20,40300,28,1012,7,99.26,63,20% - 65%
98-12-20,50203,28,1012,32,256,128,20% - 65%
98-12-20,60101,28,1012,68,897.6,272,Over 65%
98-12-20,60300,28,1012,306,3442.5,918,Over 65%
98-12-20,60401,28,1012,375,4218.75,1125,Over 65%
98-01-08,40302,9,1011,2,37.8,24,20% - 65%
98-01-08,40400,9,1011,67,4537.91,2881,20% - 65%
98-01-08,50101,9,1011,48,1689.6,768,20% - 65%
98-01-08,60202,9,1011,6,198,60,Over 65%
98-01-08,60300,9,1011,422,4747.5,1266,Over 65%
98-01-08,60302,9,1011,279,2092.5,558,Over 65%
98-11-28,40100,4,1022,10,1930.5,1300,20% - 65%
98-11-28,40102,4,1022,13,6493.5,4810,20% - 65%
98-11-28,50203,4,1022,64,512,256,20% - 65%
98-11-28,60101,4,1022,77,1016.4,308,Over 65%
98-11-28,60301,4,1022,192,2520.96,672,Over 65%
98-11-28,60402,4,1022,148,1665,444,Over 65%
98-10-10,40202,28,1012,9,718.2,504,20% - 65%
98-10-10,40400,28,1012,52,3521.96,2236,20% - 65%
98-10-10,50100,28,1012,16,492.8,224,20% - 65%
98-10-10,60200,28,1012,1,6.6,2,Over 65%
98-10-10,60201,28,1012,30,396,120,Over 65%
98-10-10,60402,28,1012,122,1372.5,366,Over 65%
98-09-28,40202,16,1040,2,159.6,112,20% - 65%
98-09-28,40401,16,1040,10,1165.5,740,20% - 65%
98-09-28,50201,16,1040,32,352,160,20% - 65%
98-09-28,60300,16,1040,279,3138.75,837,Over 65%
98-09-28,60500,16,1040,1,189.75,55,Over 65%
98-09-28,60501,16,1040,57,17698.5,5130,Over 65%
98-09-30,40103,18,1035,1,553.5,410,20% - 65%
98-09-30,40402,18,1035,6,340.2,216,20% - 65%
98-09-30,50102,18,1035,16,985.6,448,20% - 65%
98-09-30,60102,18,1035,62,2659.8,806,Over 65%
98-09-30,60200,18,1035,6,39.6,12,Over 65%
98-09-30,60402,18,1035,171,1923.75,513,Over 65%
98-09-24,40202,39,1010,8,638.4,448,20% - 65%
98-09-24,40400,39,1010,67,4537.91,2881,20% - 65%
98-09-24,50202,39,1010,80,704,320,20% - 65%
98-09-24,60300,39,1010,192,2160,576,Over 65%
98-09-24,60302,39,1010,192,1440,384,Over 65%
98-09-24,60501,39,1010,14,4347,1260,Over 65%
98-10-23,40103,24,1030,1,553.5,410,20% - 65%
98-10-23,40301,24,1030,6,825.3,528,20% - 65%
98-10-23,50101,24,1030,16,563.2,256,20% - 65%
98-10-23,60202,24,1030,6,198,60,Over 65%
98-10-23,60400,24,1030,68,408,136,Over 65%
98-10-23,60501,24,1030,80,24840,7200,Over 65%
98-07-08,40103,21,1035,9,4981.5,3690,20% - 65%
98-07-08,40403,21,1035,37,815.85,518,20% - 65%
98-07-08,50101,21,1035,48,1689.6,768,20% - 65%
98-07-08,60102,21,1035,62,2659.8,806,Over 65%
98-07-08,60202,21,1035,16,528,160,Over 65%
98-07-08,60300,21,1035,363,4083.75,1089,Over 65%
98-10-29,40100,23,1023,104,20077.2,13520,20% - 65%
98-10-29,40201,23,1023,7,857.85,602,20% - 65%
98-10-29,50201,23,1023,32,352,160,20% - 65%
98-10-29,60200,23,1023,16,105.6,32,Over 65%
98-10-29,60302,23,1023,138,1035,276,Over 65%
98-10-29,60402,23,1023,348,3915,1044,Over 65%
98-04-25,40101,39,1010,1,465.75,343,20% - 65%
98-04-25,40201,39,1010,8,980.4,688,20% - 65%
98-04-25,50203,39,1010,80,640,320,20% - 65%
98-04-25,60100,39,1010,101,999.9,303,Over 65%
98-04-25,60202,39,1010,6,198,60,Over 65%
98-04-25,60400,39,1010,244,1464,488,Over 65%
98-06-26,40101,7,1036,10,4657.5,3430,20% - 65%
98-06-26,40202,7,1036,12,957.6,672,20% - 65%
98-06-26,50203,7,1036,64,512,256,20% - 65%
98-06-26,60202,7,1036,24,792,240,Over 65%
98-06-26,60500,7,1036,28,5313,1540,Over 65%
98-03-11,40100,3,1039,92,17760.6,11960,20% - 65%
98-03-11,40101,3,1039,2,931.5,686,20% - 65%
98-03-11,50202,3,1039,32,281.6,128,20% - 65%
98-03-11,60102,3,1039,53,2273.7,689,Over 65%
98-03-11,60200,3,1039,20,132,40,Over 65%
98-03-11,60402,3,1039,348,3915,1044,Over 65%
98-12-10,40103,14,1001,9,4981.5,3690,20% - 65%
98-12-10,40302,14,1001,16,302.4,192,20% - 65%
98-12-10,50203,14,1001,64,512,256,20% - 65%
98-12-10,60201,14,1001,24,316.8,96,Over 65%
98-12-10,60301,14,1001,422,5540.86,1477,Over 65%
98-12-10,60500,14,1001,28,5313,1540,Over 65%
98-03-12,40101,19,1032,2,931.5,686,20% - 65%
98-03-12,40402,19,1032,31,1757.7,1116,20% - 65%
98-03-12,50102,19,1032,64,3942.4,1792,20% - 65%
98-03-12,60102,19,1032,12,514.8,156,Over 65%
98-03-12,60201,19,1032,12,158.4,48,Over 65%
98-03-12,60400,19,1032,207,1242,414,Over 65%
98-02-13,40300,41,1006,6,85.08,54,20% - 65%
98-02-13,40301,41,1006,6,825.3,528,20% - 65%
98-02-13,50100,41,1006,80,2464,1120,20% - 65%
98-02-13,60200,41,1006,16,105.6,32,Over 65%
98-02-13,60202,41,1006,1,33,10,Over 65%
98-02-13,60501,41,1006,14,4347,1260,Over 65%
98-12-24,40101,3,1039,28,13041,9604,20% - 65%
98-12-24,50203,3,1039,32,256,128,20% - 65%
98-12-24,60201,3,1039,1,13.2,4,Over 65%
98-12-24,60402,3,1039,72,810,216,Over 65%
98-12-24,60500,3,1039,28,5313,1540,Over 65%
98-11-29,40302,40,1019,19,359.1,228,20% - 65%
98-11-29,40403,40,1019,25,551.25,350,20% - 65%
98-11-29,50102,40,1019,64,3942.4,1792,20% - 65%
98-11-29,60302,40,1019,422,3165,844,Over 65%
98-11-29,60501,40,1019,1,310.5,90,Over 65%
98-05-06,40102,25,1001,1,499.5,370,20% - 65%
98-05-06,40103,25,1001,1,553.5,410,20% - 65%
98-05-06,50203,25,1001,80,640,320,20% - 65%
98-05-06,60102,25,1001,53,2273.7,689,Over 65%
98-05-06,60200,25,1001,24,158.4,48,Over 65%
98-05-06,60400,25,1001,226,1356,452,Over 65%
98-07-13,40101,12,1001,1,465.75,343,20% - 65%
98-07-13,40400,12,1001,44,2980.12,1892,20% - 65%
98-07-13,50203,12,1001,32,256,128,20% - 65%
98-07-13,60100,12,1001,77,762.3,231,Over 65%
98-07-13,60102,12,1001,101,4332.9,1313,Over 65%
98-07-13,60200,12,1001,28,184.8,56,Over 65%
98-10-20,40400,34,1007,30,2031.9,1290,20% - 65%
98-10-20,40403,34,1007,12,264.6,168,20% - 65%
98-10-20,50102,34,1007,80,4928,2240,20% - 65%
98-10-20,60300,34,1007,138,1552.5,414,Over 65%
98-10-20,60400,34,1007,207,1242,414,Over 65%
98-10-20,60402,34,1007,122,1372.5,366,Over 65%
98-08-17,40300,34,1012,12,170.16,108,20% - 65%
98-08-17,40402,34,1012,43,2438.1,1548,20% - 65%
98-08-17,50101,34,1012,48,1689.6,768,20% - 65%
98-08-17,60300,34,1012,50,562.5,150,Over 65%
98-08-17,60500,34,1012,1,189.75,55,Over 65%
98-08-17,60501,34,1012,57,17698.5,5130,Over 65%
98-08-05,40102,1,1016,3,1498.5,1110,20% - 65%
98-08-05,40200,1,1016,7,798,560,20% - 65%
98-08-05,50100,1,1016,48,1478.4,672,20% - 65%
98-08-05,60100,1,1016,116,1148.4,348,Over 65%
98-08-05,60102,1,1016,5,214.5,65,Over 65%
98-08-05,60302,1,1016,422,3165,844,Over 65%
98-08-20,40300,25,1001,10,141.8,90,20% - 65%
98-08-20,40403,25,1001,25,551.25,350,20% - 65%
98-08-20,50101,25,1001,32,1126.4,512,20% - 65%
98-08-20,60200,25,1001,2,13.2,4,Over 65%
98-08-20,60302,25,1001,50,375,100,Over 65%
98-08-20,60500,25,1001,12,2277,660,Over 65%
98-02-02,40102,8,1018,16,7992,5920,20% - 65%
98-02-02,40302,8,1018,12,226.8,144,20% - 65%
98-02-02,50101,8,1018,64,2252.8,1024,20% - 65%
98-02-02,60101,8,1018,53,699.6,212,Over 65%
98-02-02,60200,8,1018,19,125.4,38,Over 65%
98-02-02,60302,8,1018,332,2490,664,Over 65%
98-09-17,40101,16,1021,1,465.75,343,20% - 65%
98-09-17,40400,16,1021,21,1422.33,903,20% - 65%
98-09-17,50101,16,1021,16,563.2,256,20% - 65%
98-09-17,60102,16,1021,45,1930.5,585,Over 65%
98-09-17,60500,16,1021,28,5313,1540,Over 65%
98-11-09,40301,8,1026,1,137.55,88,20% - 65%
98-11-09,40403,8,1026,18,396.9,252,20% - 65%
98-11-09,50201,8,1026,32,352,160,20% - 65%
98-11-09,60101,8,1026,20,264,80,Over 65%
98-11-09,60201,8,1026,20,264,80,Over 65%
98-11-09,60302,8,1026,221,1657.5,442,Over 65%
98-03-16,40200,16,1023,2,228,160,20% - 65%
98-03-16,40300,16,1023,3,42.54,27,20% - 65%
98-03-16,50203,16,1023,64,512,256,20% - 65%
98-03-16,60102,16,1023,116,4976.4,1508,Over 65%
98-03-16,60202,16,1023,7,231,70,Over 65%
98-03-16,60401,16,1023,375,4218.75,1125,Over 65%
98-12-31,40200,6,1030,4,456,320,20% - 65%
98-12-31,40303,6,1030,4,100.8,64,20% - 65%
98-12-31,50201,6,1030,16,176,80,20% - 65%
98-12-31,60202,6,1030,28,924,280,Over 65%
98-12-31,60400,6,1030,244,1464,488,Over 65%
98-12-31,60501,6,1030,30,9315,2700,Over 65%
98-01-05,40102,1,1024,7,3496.5,2590,20% - 65%
98-01-05,40403,1,1024,43,948.15,602,20% - 65%
98-01-05,50203,1,1024,48,384,192,20% - 65%
98-01-05,60202,1,1024,28,924,280,Over 65%
98-01-05,60301,1,1024,106,1391.78,371,Over 65%
98-01-05,60501,1,1024,30,9315,2700,Over 65%
98-12-02,40201,18,1017,1,122.55,86,20% - 65%
98-12-02,50101,18,1017,80,2816,1280,20% - 65%
98-12-02,60202,18,1017,28,924,280,Over 65%
98-12-02,60401,18,1017,171,1923.75,513,Over 65%
98-10-19,40102,15,1010,1,499.5,370,20% - 65%
98-10-19,40301,15,1010,1,137.55,88,20% - 65%
98-10-19,50100,15,1010,48,1478.4,672,20% - 65%
98-10-19,60201,15,1010,24,316.8,96,Over 65%
98-10-19,60202,15,1010,11,363,110,Over 65%
98-10-19,60302,15,1010,363,2722.5,726,Over 65%
98-03-12,40101,8,1032,1,465.75,343,20% - 65%
98-03-12,40201,8,1032,2,245.1,172,20% - 65%
98-03-12,50201,8,1032,48,528,240,20% - 65%
98-03-12,60301,8,1032,165,2166.45,577.5,Over 65%
98-03-12,60402,8,1032,273,3071.25,819,Over 65%
98-03-12,60500,8,1032,20,3795,1100,Over 65%
98-06-10,40200,23,1022,12,1368,960,20% - 65%
98-06-10,40301,23,1022,6,825.3,528,20% - 65%
98-06-10,50203,23,1022,64,512,256,20% - 65%
98-06-10,60202,23,1022,16,528,160,Over 65%
98-06-10,60301,23,1022,332,4359.16,1162,Over 65%
98-06-10,60400,23,1022,207,1242,414,Over 65%
98-08-30,40301,21,1035,6,825.3,528,20% - 65%
98-08-30,40400,21,1035,14,948.22,602,20% - 65%
98-08-30,50102,21,1035,32,1971.2,896,20% - 65%
98-08-30,60101,21,1035,93,1227.6,372,Over 65%
98-08-30,60201,21,1035,12,158.4,48,Over 65%
98-08-30,60300,21,1035,306,3442.5,918,Over 65%
98-07-27,40103,35,1004,2,1107,820,20% - 65%
98-07-27,40303,35,1004,7,176.4,112,20% - 65%
98-07-27,50100,35,1004,80,2464,1120,20% - 65%
98-07-27,60302,35,1004,192,1440,384,Over 65%
98-07-27,60401,35,1004,375,4218.75,1125,Over 65%
98-07-27,60500,35,1004,1,189.75,55,Over 65%
98-06-21,40201,7,1010,9,1102.95,774,20% - 65%
98-06-21,40403,7,1010,50,1102.5,700,20% - 65%
98-06-21,50202,7,1010,64,563.2,256,20% - 65%
98-06-21,60202,7,1010,30,990,300,Over 65%
98-06-21,60401,7,1010,375,4218.75,1125,Over 65%
98-06-21,60402,7,1010,348,3915,1044,Over 65%
98-12-02,40401,14,1006,2,233.1,148,20% - 65%
98-12-02,40403,14,1006,56,1234.8,784,20% - 65%
98-12-02,50100,14,1006,48,1478.4,672,20% - 65%
98-12-02,60100,14,1006,77,762.3,231,Over 65%
98-12-02,60201,14,1006,3,39.6,12,Over 65%
98-12-02,60300,14,1006,165,1856.25,495,Over 65%
98-04-16,40201,40,1019,10,1225.5,860,20% - 65%
98-04-16,40400,40,1019,75,5079.75,3225,20% - 65%
98-04-16,50102,40,1019,32,1971.2,896,20% - 65%
98-04-16,60301,40,1019,50,656.5,175,Over 65%
98-04-16,60500,40,1019,5,948.75,275,Over 65%
98-04-16,60501,40,1019,30,9315,2700,Over 65%
98-01-15,40201,22,1008,7,857.85,602,20% - 65%
98-01-15,40400,22,1008,7,474.11,301,20% - 65%
98-01-15,50100,22,1008,64,1971.2,896,20% - 65%
98-01-15,60202,22,1008,16,528,160,Over 65%
98-01-15,60301,22,1008,306,4017.78,1071,Over 65%
98-01-15,60401,22,1008,45,506.25,135,Over 65%
98-06-18,40301,6,1030,6,825.3,528,20% - 65%
98-06-18,40402,6,1030,43,2438.1,1548,20% - 65%
98-06-18,50102,6,1030,48,2956.8,1344,20% - 65%
98-06-18,60401,6,1030,20,225,60,Over 65%
98-06-18,60501,6,1030,30,9315,2700,Over 65%
98-01-27,40102,27,1042,2,1110,740,20% - 65%
98-01-27,40303,27,1042,25,630,400,20% - 65%
98-01-27,40403,27,1042,18,396.9,252,20% - 65%
98-01-27,50203,27,1042,64,512,256,20% - 65%
98-01-27,60100,27,1042,20,198,60,Over 65%
98-01-27,60301,27,1042,221,2901.73,773.5,Over 65%
98-01-27,60401,27,1042,298,3352.5,894,Over 65%
98-03-02,40101,3,1001,1,465.75,343,20% - 65%
98-03-02,40202,3,1001,8,638.4,448,20% - 65%
98-03-02,50102,3,1001,16,985.6,448,20% - 65%
98-03-02,60300,3,1001,279,3138.75,837,Over 65%
98-03-02,60401,3,1001,96,1080,288,Over 65%
98-06-12,40301,22,1030,6,825.3,528,20% - 65%
98-06-12,40402,22,1030,18,1020.6,648,20% - 65%
98-06-12,50101,22,1030,80,2816,1280,20% - 65%
98-06-12,60200,22,1030,7,46.2,14,Over 65%
98-06-12,60402,22,1030,96,1080,288,Over 65%
98-06-12,60501,22,1030,1,310.5,90,Over 65%
98-10-23,40200,11,1028,7,798,560,20% - 65%
98-10-23,40301,11,1028,6,825.3,528,20% - 65%
98-10-23,50203,11,1028,64,512,256,20% - 65%
98-10-23,60200,11,1028,28,184.8,56,Over 65%
98-10-23,60400,11,1028,155,930,310,Over 65%
98-10-23,60501,11,1028,57,17698.5,5130,Over 65%
98-06-25,40201,5,1029,8,980.4,688,20% - 65%
98-06-25,40202,5,1029,10,798,560,20% - 65%
98-06-25,50101,5,1029,64,2252.8,1024,20% - 65%
98-06-25,60102,5,1029,107,4590.3,1391,Over 65%
98-06-25,60301,5,1029,248,3256.24,868,Over 65%
98-06-25,60401,5,1029,148,1665,444,Over 65%
98-12-09,40102,3,1041,7,3496.5,2590,20% - 65%
98-12-09,40202,3,1041,2,159.6,112,20% - 65%
98-12-09,50202,3,1041,64,563.2,256,20% - 65%
98-12-09,60102,3,1041,53,2273.7,689,Over 65%
98-12-09,60202,3,1041,24,792,240,Over 65%
98-12-09,60301,3,1041,192,2520.96,672,Over 65%
98-04-21,40200,18,1035,8,912,640,20% - 65%
98-04-21,40300,18,1035,12,170.16,108,20% - 65%
98-04-21,50102,18,1035,48,2956.8,1344,20% - 65%
98-04-21,60200,18,1035,24,158.4,48,Over 65%
98-04-21,60300,18,1035,165,1856.25,495,Over 65%
98-04-21,60401,18,1035,348,3915,1044,Over 65%
98-12-11,40103,11,1028,16,8856,6560,20% - 65%
98-12-11,50202,11,1028,48,422.4,192,20% - 65%
98-12-11,60201,11,1028,7,92.4,28,Over 65%
98-12-11,60501,11,1028,57,17698.5,5130,Over 65%
98-02-23,40100,34,1012,25,4826.25,3250,20% - 65%
98-02-23,40200,34,1012,6,684,480,20% - 65%
98-02-23,50100,34,1012,16,492.8,224,20% - 65%
98-02-23,60300,34,1012,363,4083.75,1089,Over 65%
98-02-23,60302,34,1012,306,2295,612,Over 65%
98-02-23,60500,34,1012,5,948.75,275,Over 65%
98-12-05,40102,5,1029,19,9490.5,7030,20% - 65%
98-12-05,40400,5,1029,37,2506.01,1591,20% - 65%
98-12-05,50102,5,1029,64,3942.4,1792,20% - 65%
98-12-05,60202,5,1029,30,990,300,Over 65%
98-12-05,60302,5,1029,422,3165,844,Over 65%
98-12-05,60402,5,1029,20,225,60,Over 65%
98-06-24,40100,16,1023,25,4826.25,3250,20% - 65%
98-06-24,40200,16,1023,10,1140,800,20% - 65%
98-06-24,50101,16,1023,16,563.2,256,20% - 65%
98-06-24,60202,16,1023,2,66,20,Over 65%
98-06-24,60300,16,1023,279,3138.75,837,Over 65%
98-06-24,60501,16,1023,30,9315,2700,Over 65%
98-11-24,40202,36,1040,1,79.8,56,20% - 65%
98-11-24,40302,36,1040,14,264.6,168,20% - 65%
98-11-24,50102,36,1040,64,3942.4,1792,20% - 65%
98-11-24,60202,36,1040,1,33,10,Over 65%
98-11-24,60301,36,1040,279,3663.27,976.5,Over 65%
98-11-24,60401,36,1040,148,1665,444,Over 65%
98-10-12,40200,28,1012,8,912,640,20% - 65%
98-10-12,40202,28,1012,10,798,560,20% - 65%
98-10-12,50102,28,1012,64,3942.4,1792,20% - 65%
98-10-12,60201,28,1012,20,264,80,Over 65%
98-10-12,60400,28,1012,155,930,310,Over 65%
98-10-12,60500,28,1012,1,189.75,55,Over 65%
98-12-03,40200,5,1008,1,114,80,20% - 65%
98-12-03,40301,5,1008,1,137.55,88,20% - 65%
98-12-03,50100,5,1008,64,1971.2,896,20% - 65%
98-12-03,60102,5,1008,62,2659.8,806,Over 65%
98-12-03,60401,5,1008,250,2812.5,750,Over 65%
98-12-03,60402,5,1008,122,1372.5,366,Over 65%
98-06-23,40101,9,1011,2,931.5,686,20% - 65%
98-06-23,40200,9,1011,2,228,160,20% - 65%
98-06-23,50102,9,1011,48,2956.8,1344,20% - 65%
98-06-23,60300,9,1011,50,562.5,150,Over 65%
98-06-23,60401,9,1011,20,225,60,Over 65%
98-11-09,40200,40,1019,10,1140,800,20% - 65%
98-11-09,40401,40,1019,12,1398.6,888,20% - 65%
98-11-09,50202,40,1019,48,422.4,192,20% - 65%
98-11-09,60201,40,1019,24,316.8,96,Over 65%
98-11-09,60302,40,1019,79,592.5,158,Over 65%
98-11-09,60402,40,1019,148,1665,444,Over 65%
98-02-12,40300,29,1001,3,42.54,27,20% - 65%
98-02-12,40301,29,1001,1,137.55,88,20% - 65%
98-02-12,50201,29,1001,64,704,320,20% - 65%
98-02-12,60101,29,1001,101,1333.2,404,Over 65%
98-02-12,60401,29,1001,348,3915,1044,Over 65%
98-06-03,40101,1,1024,1,465.75,343,20% - 65%
98-06-03,40201,1,1024,2,245.1,172,20% - 65%
98-06-03,50100,1,1024,48,1478.4,672,20% - 65%
98-06-03,60100,1,1024,77,762.3,231,Over 65%
98-06-03,60202,1,1024,16,528,160,Over 65%
98-06-03,60300,1,1024,79,888.75,237,Over 65%
98-03-22,40201,18,1035,9,1102.95,774,20% - 65%
98-03-22,40301,18,1035,6,825.3,528,20% - 65%
98-03-22,50202,18,1035,80,704,320,20% - 65%
98-03-22,60101,18,1035,5,66,20,Over 65%
98-03-22,60200,18,1035,1,6.6,2,Over 65%
98-03-22,60401,18,1035,250,2812.5,750,Over 65%
98-07-20,40202,9,1010,2,159.6,112,20% - 65%
98-07-20,40403,9,1010,43,948.15,602,20% - 65%
98-07-20,50203,9,1010,32,256,128,20% - 65%
98-07-20,60101,9,1010,38,501.6,152,Over 65%
98-07-20,60300,9,1010,165,1856.25,495,Over 65%
98-07-20,60402,9,1010,122,1372.5,366,Over 65%
98-11-01,40102,24,1030,2,999,740,20% - 65%
98-11-01,40303,24,1030,19,478.8,304,20% - 65%
98-11-01,50203,24,1030,80,640,320,20% - 65%
98-11-01,60100,24,1030,53,524.7,159,Over 65%
98-11-01,60301,24,1030,165,2166.45,577.5,Over 65%
98-11-01,60402,24,1030,348,3915,1044,Over 65%
98-11-29,40200,11,1028,3,342,240,20% - 65%
98-11-29,40302,11,1028,9,170.1,108,20% - 65%
98-11-29,50102,11,1028,48,2956.8,1344,20% - 65%
98-11-29,60300,11,1028,363,4083.75,1089,Over 65%
98-11-29,60302,11,1028,165,1237.5,330,Over 65%
98-11-29,60400,11,1028,119,714,238,Over 65%
98-05-12,40303,4,1026,19,478.8,304,20% - 65%
98-05-12,40402,4,1026,18,1020.6,648,20% - 65%
98-05-12,50202,4,1026,64,563.2,256,20% - 65%
98-05-12,60102,4,1026,38,1630.2,494,Over 65%
98-05-12,60202,4,1026,2,66,20,Over 65%
98-05-12,60301,4,1026,363,4766.19,1270.5,Over 65%
98-07-07,40100,6,1022,10,1930.5,1300,20% - 65%
98-07-07,40401,6,1022,6,699.3,444,20% - 65%
98-07-07,50202,6,1022,48,422.4,192,20% - 65%
98-07-07,60100,6,1022,77,762.3,231,Over 65%
98-07-07,60400,6,1022,173,1038,346,Over 65%
98-07-07,60402,6,1022,20,225,60,Over 65%
98-03-22,40103,36,1020,12,6642,4920,20% - 65%
98-03-22,40201,36,1020,10,1225.5,860,20% - 65%
98-03-22,50202,36,1020,16,140.8,64,20% - 65%
98-03-22,60100,36,1020,20,198,60,Over 65%
98-03-22,60200,36,1020,12,79.2,24,Over 65%
98-03-22,60301,36,1020,221,2901.73,773.5,Over 65%
98-10-11,40100,9,1011,78,15057.9,10140,20% - 65%
98-10-11,40200,9,1011,2,228,160,20% - 65%
98-10-11,50202,9,1011,16,140.8,64,20% - 65%
98-10-11,60201,9,1011,16,211.2,64,Over 65%
98-10-11,60302,9,1011,389,2917.5,778,Over 65%
98-10-11,60401,9,1011,72,810,216,Over 65%
98-02-26,40102,25,1007,3,1498.5,1110,20% - 65%
98-02-26,40301,25,1007,6,825.3,528,20% - 65%
98-02-26,50100,25,1007,32,985.6,448,20% - 65%
98-02-26,60200,25,1007,16,105.6,32,Over 65%
98-02-26,60202,25,1007,3,99,30,Over 65%
98-02-26,60300,25,1007,389,4376.25,1167,Over 65%
98-08-01,40202,9,1006,3,239.4,168,20% - 65%
98-08-01,40303,9,1006,21,529.2,336,20% - 65%
98-08-01,50102,9,1006,16,985.6,448,20% - 65%
98-08-01,60201,9,1006,6,79.2,24,Over 65%
98-08-01,60202,9,1006,7,231,70,Over 65%
98-08-01,60401,9,1006,148,1665,444,Over 65%
98-09-21,40101,15,1027,1,465.75,343,20% - 65%
98-09-21,40301,15,1027,6,825.3,528,20% - 65%
98-09-21,50101,15,1027,16,563.2,256,20% - 65%
98-09-21,60200,15,1027,19,125.4,38,Over 65%
98-09-21,60302,15,1027,248,1860,496,Over 65%
98-09-21,60401,15,1027,222,2497.5,666,Over 65%
98-09-03,40200,40,1019,4,456,320,20% - 65%
98-09-03,40202,40,1019,2,159.6,112,20% - 65%
98-09-03,50203,40,1019,32,256,128,20% - 65%
98-09-03,60101,40,1019,107,1412.4,428,Over 65%
98-09-03,60200,40,1019,24,158.4,48,Over 65%
98-09-03,60500,40,1019,12,2277,660,Over 65%
98-03-17,40100,11,1028,78,15057.9,10140,20% - 65%
98-03-17,40303,11,1028,2,50.4,32,20% - 65%
98-03-17,50100,11,1028,48,1478.4,672,20% - 65%
98-03-17,60200,11,1028,16,105.6,32,Over 65%
98-03-17,60501,11,1028,1,310.5,90,Over 65%
98-04-21,40402,9,1002,18,1020.6,648,20% - 65%
98-04-21,40403,9,1002,12,264.6,168,20% - 65%
98-04-21,50201,9,1002,16,176,80,20% - 65%
98-04-21,60202,9,1002,7,231,70,Over 65%
98-04-21,60402,9,1002,171,1923.75,513,Over 65%
98-04-21,60500,9,1002,12,2277,660,Over 65%
98-07-03,40101,28,1012,10,4657.5,3430,20% - 65%
98-07-03,40202,28,1012,1,79.8,56,20% - 65%
98-07-03,50201,28,1012,64,704,320,20% - 65%
98-07-03,60101,28,1012,29,382.8,116,Over 65%
98-07-03,60301,28,1012,422,5540.86,1477,Over 65%
98-07-03,60500,28,1012,5,948.75,275,Over 65%
98-07-30,40102,9,1011,3,1498.5,1110,20% - 65%
98-07-30,40202,9,1011,8,638.4,448,20% - 65%
98-07-30,50101,9,1011,48,1689.6,768,20% - 65%
98-07-30,60102,9,1011,5,214.5,65,Over 65%
98-07-30,60300,9,1011,192,2160,576,Over 65%
98-07-30,60500,9,1011,28,5313,1540,Over 65%
98-03-30,40100,24,1001,25,4826.25,3250,20% - 65%
98-03-30,40301,24,1001,1,137.55,88,20% - 65%
98-03-30,50201,24,1001,80,880,400,20% - 65%
98-03-30,60102,24,1001,107,4590.3,1391,Over 65%
98-03-30,60200,24,1001,24,158.4,48,Over 65%
98-03-30,60401,24,1001,72,810,216,Over 65%
97-10-21,40102,40,1007,10,5550,3700,20% - 65%
97-10-21,40103,40,1007,10,6150,4100,20% - 65%
97-02-07,60100,8,1018,4,36,12,Over 65%
97-02-07,60101,8,1018,10,120,40,Over 65%
97-02-07,60102,8,1018,100,3900,1300,Over 65%
97-04-07,50102,8,1018,100,5600,2800,20% - 65%
97-10-24,50100,8,1018,100,2800,1400,20% - 65%
97-04-07,60401,11,1028,50,450,150,Over 65%
97-04-07,60402,11,1028,500,4500,1500,Over 65%
98-04-06,60301,11,1028,100,1050,350,Over 65%
98-04-06,60302,11,1028,100,600,200,Over 65%
98-06-08,60402,11,1028,400,3600,1200,Over 65%
98-10-10,60401,1,1024,500,4500,1500,Over 65%
97-05-01,50100,9,1001,100,2800,1400,20% - 65%
97-10-24,60100,28,1012,500,4500,1500,Over 65%
98-04-24,60402,28,1012,500,4500,1500,Over 65%
97-09-24,50102,30,1033,40,2240,1120,20% - 65%
98-01-10,60102,30,1033,100,3900,1300,Over 65%
97-04-12,50101,30,1006,200,6400,3200,20% - 65%
98-07-20,50102,30,1006,75,4200,2100,20% - 65%
98-04-20,60401,30,1033,200,1800,600,Over 65%
98-11-10,50101,30,1033,200,6400,3200,20% - 65%
97-04-13,60100,35,1004,100,900,300,Over 65%
97-07-03,50102,35,1004,100,5600,2800,20% - 65%
97-10-21,50101,35,1004,100,3200,1600,20% - 65%
98-05-25,60501,35,1004,20,5400,1800,Over 65%
98-11-20,60500,35,1004,20,3300,1100,Over 65%
97-11-25,60501,29,1001,20,5400,1800,Over 65%
98-05-12,50100,29,1001,100,2800,1400,20% - 65%
98-08-05,50102,29,1001,100,5600,2800,20% - 65%
98-12-01,60401,29,1001,400,3600,1200,Over 65%
97-04-30,60500,7,1027,20,3300,1100,Over 65%
98-12-02,50100,7,1027,400,11200,5600,20% - 65%
97-07-01,60501,14,1001,50,13500,4500,Over 65%
97-05-02,50201,16,1006,500,5000,2500,20% - 65%
97-12-23,50100,16,1006,500,14000,7000,20% - 65%
98-04-05,60500,22,1008,100,16500,5500,Over 65%
97-05-12,60501,27,1042,20,5400,1800,Over 65%
98-04-23,50100,27,1042,100,2800,1400,20% - 65%
98-07-23,50102,27,1042,100,5600,2800,20% - 65%
98-10-12,60500,27,1042,50,8250,2750,Over 65%
97-11-24,60501,24,1031,10,2700,900,Over 65%
98-07-13,40100,5,1014,1,165,130,20% - 65%
98-07-13,40100,5,1001,3,495,390,20% - 65%
98-07-13,50100,5,1001,5,140,70,20% - 65%
98-07-14,40100,5,1001,6,990,780,20% - 65%
98-08-02,40100,5,1001,5,825,650,20% - 65%
98-08-18,40100,5,1001,3,495,390,20% - 65%
98-08-22,40100,5,1006,5,825,650,20% - 65%
98-09-12,40101,5,1006,5,2590,1715,20% - 65%
98-09-12,40100,5,1001,7,1155,910,20% - 65%
98-09-12,50100,5,1001,5,140,70,20% - 65%
98-09-12,60100,5,1001,5,45,15,Over 65%
98-09-13,40100,5,1001,5,825,650,20% - 65%
98-09-13,40101,5,1001,5,2590,1715,20% - 65%
98-09-13,40102,5,1001,5,2775,1850,20% - 65%
98-09-13,40100,5,1002,10,1650,1300,20% - 65%
98-09-14,40100,5,1001,5,825,650,20% - 65%
98-09-14,40102,5,1001,5,2775,1850,20% - 65%
