--------------------------------------------------------
--  File created - dinsdag-september-15-2009   
--------------------------------------------------------
--------------------------------------------------------
--  DDL for Sequence CUSTID
--------------------------------------------------------

   CREATE SEQUENCE  "CUSTID"  MINVALUE 1 MAXVALUE 999999999999999999999999999 INCREMENT BY 1 START WITH 109 NOCACHE  NOORDER  NOCYCLE ;
--------------------------------------------------------
--  DDL for Sequence ORDID
--------------------------------------------------------

   CREATE SEQUENCE  "ORDID"  MINVALUE 1 MAXVALUE 999999999999999999999999999 INCREMENT BY 1 START WITH 622 NOCACHE  NOORDER  NOCYCLE ;
--------------------------------------------------------
--  DDL for Sequence PRODID
--------------------------------------------------------

   CREATE SEQUENCE  "PRODID"  MINVALUE 1 MAXVALUE 999999999999999999999999999 INCREMENT BY 1 START WITH 200381 NOCACHE  NOORDER  NOCYCLE ;
--------------------------------------------------------
--  DDL for Sequence PROJNO
--------------------------------------------------------

   CREATE SEQUENCE  "PROJNO"  MINVALUE 1 MAXVALUE 999999999999999999999999999 INCREMENT BY 1 START WITH 4 NOCACHE  NOORDER  NOCYCLE ;
--------------------------------------------------------
--  DDL for Sequence SEQ_IMP_PATIENTEN
--------------------------------------------------------

   CREATE SEQUENCE  "SEQ_IMP_PATIENTEN"  MINVALUE 1 MAXVALUE 999999999999999999999999999 INCREMENT BY 1 START WITH 1761 CACHE 20 NOORDER  NOCYCLE ;
--------------------------------------------------------
--  DDL for Sequence SEQ_VERKOOP_FEIT
--------------------------------------------------------

   CREATE SEQUENCE  "SEQ_VERKOOP_FEIT"  MINVALUE 1 MAXVALUE 999999999999999999999999999 INCREMENT BY 1 START WITH 61 CACHE 20 NOORDER  NOCYCLE ;
--------------------------------------------------------
--  DDL for Table C_DIM_FILIAAL
--------------------------------------------------------

  CREATE TABLE "C_DIM_FILIAAL" 
   (	"FILIAAL_TK" NUMBER, 
	"FILIAALNAAM" VARCHAR2(40)
   ) ;
--------------------------------------------------------
--  DDL for Table C_DIM_KALENDER
--------------------------------------------------------

  CREATE TABLE "C_DIM_KALENDER" 
   (	"DATUM_TK" NUMBER, 
	"DATUM" DATE, 
	"NR_DAG" NUMBER, 
	"JAAR" NUMBER, 
	"MAAND" NUMBER
   ) ;
--------------------------------------------------------
--  DDL for Table C_DIM_KLANT
--------------------------------------------------------

  CREATE TABLE "C_DIM_KLANT" 
   (	"KLANT_TK" NUMBER(2,0), 
	"KLANT_KAART_NR" VARCHAR2(10), 
	"POSTCODE" VARCHAR2(10)
   ) ;
--------------------------------------------------------
--  DDL for Table C_DIM_PRODUCT
--------------------------------------------------------

  CREATE TABLE "C_DIM_PRODUCT" 
   (	"PRODUCT_TK" NUMBER, 
	"PRODUCT_NAAM" VARCHAR2(40), 
	"PRODUCT_MERK" VARCHAR2(40), 
	"PRODUCT_CATEGORIE" VARCHAR2(40)
   ) ;
--------------------------------------------------------
--  DDL for Table C_ORIGINEEL
--------------------------------------------------------

  CREATE TABLE "C_ORIGINEEL" 
   (	"KLANT_KAART_NR" VARCHAR2(7), 
	"KLANT_NAAM" VARCHAR2(40), 
	"POSTCODE" VARCHAR2(10), 
	"FILIAAL" VARCHAR2(40), 
	"PRODUCT_NAAM" VARCHAR2(40), 
	"PRODUCT_MERK" VARCHAR2(40), 
	"PRODUCT_CATEGORIE" VARCHAR2(40), 
	"EENHEIDSPRIJS" VARCHAR2(3), 
	"HOEVEELHEID" VARCHAR2(2), 
	"DATUMVERKOOP" DATE
   ) ;
--------------------------------------------------------
--  DDL for Table C_VERKOOP_FEIT
--------------------------------------------------------

  CREATE TABLE "C_VERKOOP_FEIT" 
   (	"KLANT_ID" NUMBER(5,0), 
	"DATUM_ID" NUMBER(2,0), 
	"FILIAAL_ID" NUMBER(2,0), 
	"PRODUCT_ID" NUMBER(2,0), 
	"HOEVEELHEID" NUMBER(2,0), 
	"BRUTO_OPBRENGST" NUMBER(4,0), 
	"FEIT_TK" NUMBER
   ) ;

---------------------------------------------------
--   DATA FOR TABLE C_ORIGINEEL
--   FILTER = none used
---------------------------------------------------
REM INSERTING into C_ORIGINEEL
Insert into C_ORIGINEEL (KLANT_KAART_NR,KLANT_NAAM,POSTCODE,FILIAAL,PRODUCT_NAAM,PRODUCT_MERK,PRODUCT_CATEGORIE,EENHEIDSPRIJS,HOEVEELHEID,DATUMVERKOOP) values ('111.115','Vandermeiren','1.800','VILVOORDE','KWATTA NOIR','KWATTA','CHOCO','2,3','2',to_timestamp('11/08/07 00:00:00,000000000','DD/MM/RR HH24:MI:SS,FF'));
Insert into C_ORIGINEEL (KLANT_KAART_NR,KLANT_NAAM,POSTCODE,FILIAAL,PRODUCT_NAAM,PRODUCT_MERK,PRODUCT_CATEGORIE,EENHEIDSPRIJS,HOEVEELHEID,DATUMVERKOOP) values ('111.115','Vandermeiren','1.800','VILVOORDE','KWATTA PUUR','KWATTA','CHOCO','2','1',to_timestamp('06/08/07 00:00:00,000000000','DD/MM/RR HH24:MI:SS,FF'));
Insert into C_ORIGINEEL (KLANT_KAART_NR,KLANT_NAAM,POSTCODE,FILIAAL,PRODUCT_NAAM,PRODUCT_MERK,PRODUCT_CATEGORIE,EENHEIDSPRIJS,HOEVEELHEID,DATUMVERKOOP) values ('111.115','Vandermeiren','1.800','VILVOORDE','MEGA PLOP CHOCO 800g','PLOP CHOCO','CHOCO','4','3',null);
Insert into C_ORIGINEEL (KLANT_KAART_NR,KLANT_NAAM,POSTCODE,FILIAAL,PRODUCT_NAAM,PRODUCT_MERK,PRODUCT_CATEGORIE,EENHEIDSPRIJS,HOEVEELHEID,DATUMVERKOOP) values ('111.115','Vandermeiren','1.800','VILVOORDE','NUTELLA LIGHT 250g','NUTELLA','CHOCO','2,5','3',to_timestamp('08/08/07 00:00:00,000000000','DD/MM/RR HH24:MI:SS,FF'));
Insert into C_ORIGINEEL (KLANT_KAART_NR,KLANT_NAAM,POSTCODE,FILIAAL,PRODUCT_NAAM,PRODUCT_MERK,PRODUCT_CATEGORIE,EENHEIDSPRIJS,HOEVEELHEID,DATUMVERKOOP) values ('111.116','Koekebak','1.800','VILVOORDE','KWATTA PUUR','KWATTA','CHOCO','2','2',to_timestamp('08/08/07 00:00:00,000000000','DD/MM/RR HH24:MI:SS,FF'));
Insert into C_ORIGINEEL (KLANT_KAART_NR,KLANT_NAAM,POSTCODE,FILIAAL,PRODUCT_NAAM,PRODUCT_MERK,PRODUCT_CATEGORIE,EENHEIDSPRIJS,HOEVEELHEID,DATUMVERKOOP) values ('111.116','Koekebak','1.800','VILVOORDE','MEGA PLOP CHOCO 800g','PLOP CHOCO','CHOCO','4','2',to_timestamp('11/08/07 00:00:00,000000000','DD/MM/RR HH24:MI:SS,FF'));
Insert into C_ORIGINEEL (KLANT_KAART_NR,KLANT_NAAM,POSTCODE,FILIAAL,PRODUCT_NAAM,PRODUCT_MERK,PRODUCT_CATEGORIE,EENHEIDSPRIJS,HOEVEELHEID,DATUMVERKOOP) values ('111.116','Koekebak','1.800','VILVOORDE','NUTELLA LIGHT 250g','NUTELLA','CHOCO','2,5','1',to_timestamp('10/08/07 00:00:00,000000000','DD/MM/RR HH24:MI:SS,FF'));
Insert into C_ORIGINEEL (KLANT_KAART_NR,KLANT_NAAM,POSTCODE,FILIAAL,PRODUCT_NAAM,PRODUCT_MERK,PRODUCT_CATEGORIE,EENHEIDSPRIJS,HOEVEELHEID,DATUMVERKOOP) values ('111.116','Koekebak','1.800','VILVOORDE','TANTE VIVIANE kersen 300g','TANTE VIVIANE','CONFITUUR','1,2','3',to_timestamp('01/08/07 00:00:00,000000000','DD/MM/RR HH24:MI:SS,FF'));
Insert into C_ORIGINEEL (KLANT_KAART_NR,KLANT_NAAM,POSTCODE,FILIAAL,PRODUCT_NAAM,PRODUCT_MERK,PRODUCT_CATEGORIE,EENHEIDSPRIJS,HOEVEELHEID,DATUMVERKOOP) values ('111.117','Kiekeboe','1.800','VILVOORDE','CHOCERDECHOC','PLOP CHOCO','CHOCO','2','1',to_timestamp('11/08/07 00:00:00,000000000','DD/MM/RR HH24:MI:SS,FF'));
Insert into C_ORIGINEEL (KLANT_KAART_NR,KLANT_NAAM,POSTCODE,FILIAAL,PRODUCT_NAAM,PRODUCT_MERK,PRODUCT_CATEGORIE,EENHEIDSPRIJS,HOEVEELHEID,DATUMVERKOOP) values ('111.117','Kiekeboe','1.800','VILVOORDE','KWATTA NOIR','KWATTA','CHOCO','2,3','1',null);
Insert into C_ORIGINEEL (KLANT_KAART_NR,KLANT_NAAM,POSTCODE,FILIAAL,PRODUCT_NAAM,PRODUCT_MERK,PRODUCT_CATEGORIE,EENHEIDSPRIJS,HOEVEELHEID,DATUMVERKOOP) values ('111.117','Kiekeboe','1.800','VILVOORDE','MELI DIABETIC 50g','MELI','CHOCO','3,5','3',to_timestamp('02/08/07 00:00:00,000000000','DD/MM/RR HH24:MI:SS,FF'));
Insert into C_ORIGINEEL (KLANT_KAART_NR,KLANT_NAAM,POSTCODE,FILIAAL,PRODUCT_NAAM,PRODUCT_MERK,PRODUCT_CATEGORIE,EENHEIDSPRIJS,HOEVEELHEID,DATUMVERKOOP) values ('111.117','Kiekeboe','1.800','VILVOORDE','TANTE VIVIANE kersen 300g','TANTE VIVIANE','CONFITUUR','1,2','4',to_timestamp('02/08/07 00:00:00,000000000','DD/MM/RR HH24:MI:SS,FF'));
Insert into C_ORIGINEEL (KLANT_KAART_NR,KLANT_NAAM,POSTCODE,FILIAAL,PRODUCT_NAAM,PRODUCT_MERK,PRODUCT_CATEGORIE,EENHEIDSPRIJS,HOEVEELHEID,DATUMVERKOOP) values ('111.118','Kiekeboe','1.800','VILVOORDE','CHOCERDECHOC','PLOP CHOCO','CHOCO','2','5',to_timestamp('01/08/07 00:00:00,000000000','DD/MM/RR HH24:MI:SS,FF'));
Insert into C_ORIGINEEL (KLANT_KAART_NR,KLANT_NAAM,POSTCODE,FILIAAL,PRODUCT_NAAM,PRODUCT_MERK,PRODUCT_CATEGORIE,EENHEIDSPRIJS,HOEVEELHEID,DATUMVERKOOP) values ('111.118','Kiekeboe','1.800','VILVOORDE','MELI DIABETIC 50g','MELI','CHOCO','3','1',to_timestamp('04/08/07 00:00:00,000000000','DD/MM/RR HH24:MI:SS,FF'));
Insert into C_ORIGINEEL (KLANT_KAART_NR,KLANT_NAAM,POSTCODE,FILIAAL,PRODUCT_NAAM,PRODUCT_MERK,PRODUCT_CATEGORIE,EENHEIDSPRIJS,HOEVEELHEID,DATUMVERKOOP) values ('111.118','Kiekeboe','1.800','VILVOORDE','TANTE VIVIANE kersen 300g','TANTE VIVIANE','CONFITUUR','1,2','3',to_timestamp('02/08/07 00:00:00,000000000','DD/MM/RR HH24:MI:SS,FF'));
Insert into C_ORIGINEEL (KLANT_KAART_NR,KLANT_NAAM,POSTCODE,FILIAAL,PRODUCT_NAAM,PRODUCT_MERK,PRODUCT_CATEGORIE,EENHEIDSPRIJS,HOEVEELHEID,DATUMVERKOOP) values ('111.119','Doedeloe','1.800','VILVOORDE','CHOCERDECHOC','PLOP CHOCO','CHOCO','2','5',to_timestamp('01/08/07 00:00:00,000000000','DD/MM/RR HH24:MI:SS,FF'));
Insert into C_ORIGINEEL (KLANT_KAART_NR,KLANT_NAAM,POSTCODE,FILIAAL,PRODUCT_NAAM,PRODUCT_MERK,PRODUCT_CATEGORIE,EENHEIDSPRIJS,HOEVEELHEID,DATUMVERKOOP) values ('111.119','Doedeloe','1.800','VILVOORDE','MELI DIABETIC 50g','MELI','CHOCO','3','3',to_timestamp('06/08/07 00:00:00,000000000','DD/MM/RR HH24:MI:SS,FF'));
Insert into C_ORIGINEEL (KLANT_KAART_NR,KLANT_NAAM,POSTCODE,FILIAAL,PRODUCT_NAAM,PRODUCT_MERK,PRODUCT_CATEGORIE,EENHEIDSPRIJS,HOEVEELHEID,DATUMVERKOOP) values ('111.119','Doedeloe','1.800','VILVOORDE','TANTE VIVIANE stekelbes 300g','TANTE VIVIANE','CONFITUUR','1,2','2',to_timestamp('03/08/07 00:00:00,000000000','DD/MM/RR HH24:MI:SS,FF'));
Insert into C_ORIGINEEL (KLANT_KAART_NR,KLANT_NAAM,POSTCODE,FILIAAL,PRODUCT_NAAM,PRODUCT_MERK,PRODUCT_CATEGORIE,EENHEIDSPRIJS,HOEVEELHEID,DATUMVERKOOP) values ('111.120','Doei','1.800','VILVOORDE','CHOCERDECHOC','PLOP CHOCO','CHOCO','2,2','1',to_timestamp('02/08/07 00:00:00,000000000','DD/MM/RR HH24:MI:SS,FF'));
Insert into C_ORIGINEEL (KLANT_KAART_NR,KLANT_NAAM,POSTCODE,FILIAAL,PRODUCT_NAAM,PRODUCT_MERK,PRODUCT_CATEGORIE,EENHEIDSPRIJS,HOEVEELHEID,DATUMVERKOOP) values ('111.120','Doei','1.800','VILVOORDE','MEGA PLOP CHOCO 800g','PLOP CHOCO','CHOCO','4','1',to_timestamp('08/08/07 00:00:00,000000000','DD/MM/RR HH24:MI:SS,FF'));
Insert into C_ORIGINEEL (KLANT_KAART_NR,KLANT_NAAM,POSTCODE,FILIAAL,PRODUCT_NAAM,PRODUCT_MERK,PRODUCT_CATEGORIE,EENHEIDSPRIJS,HOEVEELHEID,DATUMVERKOOP) values ('111.120','Doei','1.800','VILVOORDE','TANTE VIVIANE stekelbes 300g','TANTE VIVIANE','CONFITUUR','1,2','1',to_timestamp('04/08/07 00:00:00,000000000','DD/MM/RR HH24:MI:SS,FF'));
Insert into C_ORIGINEEL (KLANT_KAART_NR,KLANT_NAAM,POSTCODE,FILIAAL,PRODUCT_NAAM,PRODUCT_MERK,PRODUCT_CATEGORIE,EENHEIDSPRIJS,HOEVEELHEID,DATUMVERKOOP) values ('111.121','Salut','1.800','VILVOORDE','KWATTA PUUR','KWATTA','CHOCO','2','1',to_timestamp('04/08/07 00:00:00,000000000','DD/MM/RR HH24:MI:SS,FF'));
Insert into C_ORIGINEEL (KLANT_KAART_NR,KLANT_NAAM,POSTCODE,FILIAAL,PRODUCT_NAAM,PRODUCT_MERK,PRODUCT_CATEGORIE,EENHEIDSPRIJS,HOEVEELHEID,DATUMVERKOOP) values ('111.121','Salut','1.800','VILVOORDE','MEGA PLOP CHOCO 800g','PLOP CHOCO','CHOCO','4','1',to_timestamp('09/08/07 00:00:00,000000000','DD/MM/RR HH24:MI:SS,FF'));
Insert into C_ORIGINEEL (KLANT_KAART_NR,KLANT_NAAM,POSTCODE,FILIAAL,PRODUCT_NAAM,PRODUCT_MERK,PRODUCT_CATEGORIE,EENHEIDSPRIJS,HOEVEELHEID,DATUMVERKOOP) values ('111.121','Salut','1.800','VILVOORDE','TANTE VIVIANE stekelbes 300g','TANTE VIVIANE','CONFITUUR','1,2','3',to_timestamp('06/08/07 00:00:00,000000000','DD/MM/RR HH24:MI:SS,FF'));
Insert into C_ORIGINEEL (KLANT_KAART_NR,KLANT_NAAM,POSTCODE,FILIAAL,PRODUCT_NAAM,PRODUCT_MERK,PRODUCT_CATEGORIE,EENHEIDSPRIJS,HOEVEELHEID,DATUMVERKOOP) values ('123.456','En','2.800','MECHELEN','MELI NATUUR 500g','MELI','CHOCO','1,2','4',to_timestamp('11/08/07 00:00:00,000000000','DD/MM/RR HH24:MI:SS,FF'));
Insert into C_ORIGINEEL (KLANT_KAART_NR,KLANT_NAAM,POSTCODE,FILIAAL,PRODUCT_NAAM,PRODUCT_MERK,PRODUCT_CATEGORIE,EENHEIDSPRIJS,HOEVEELHEID,DATUMVERKOOP) values ('123.456','En','2.800','MECHELEN','NUTELLA PUUR 300g','NUTELLA','CHOCO','2','1',to_timestamp('01/08/07 00:00:00,000000000','DD/MM/RR HH24:MI:SS,FF'));
Insert into C_ORIGINEEL (KLANT_KAART_NR,KLANT_NAAM,POSTCODE,FILIAAL,PRODUCT_NAAM,PRODUCT_MERK,PRODUCT_CATEGORIE,EENHEIDSPRIJS,HOEVEELHEID,DATUMVERKOOP) values ('123.456','En','2.800','MECHELEN','NUTELLA PUUR 300g','NUTELLA','CHOCO','2','2',to_timestamp('02/08/07 00:00:00,000000000','DD/MM/RR HH24:MI:SS,FF'));
Insert into C_ORIGINEEL (KLANT_KAART_NR,KLANT_NAAM,POSTCODE,FILIAAL,PRODUCT_NAAM,PRODUCT_MERK,PRODUCT_CATEGORIE,EENHEIDSPRIJS,HOEVEELHEID,DATUMVERKOOP) values ('123.456','En','2.800','MECHELEN','NUTELLA PUUR 300g','NUTELLA','CHOCO','2','3',to_timestamp('03/08/07 00:00:00,000000000','DD/MM/RR HH24:MI:SS,FF'));
Insert into C_ORIGINEEL (KLANT_KAART_NR,KLANT_NAAM,POSTCODE,FILIAAL,PRODUCT_NAAM,PRODUCT_MERK,PRODUCT_CATEGORIE,EENHEIDSPRIJS,HOEVEELHEID,DATUMVERKOOP) values ('567.893','De','1.982','MECHELEN','KWATTA PUUR','KWATTA','CHOCO','2','2',to_timestamp('07/08/07 00:00:00,000000000','DD/MM/RR HH24:MI:SS,FF'));
Insert into C_ORIGINEEL (KLANT_KAART_NR,KLANT_NAAM,POSTCODE,FILIAAL,PRODUCT_NAAM,PRODUCT_MERK,PRODUCT_CATEGORIE,EENHEIDSPRIJS,HOEVEELHEID,DATUMVERKOOP) values ('567.894','En','2.800','MECHELEN','KWATTA NOIR','KWATTA','CHOCO','2,3','2',to_timestamp('09/08/07 00:00:00,000000000','DD/MM/RR HH24:MI:SS,FF'));
Insert into C_ORIGINEEL (KLANT_KAART_NR,KLANT_NAAM,POSTCODE,FILIAAL,PRODUCT_NAAM,PRODUCT_MERK,PRODUCT_CATEGORIE,EENHEIDSPRIJS,HOEVEELHEID,DATUMVERKOOP) values ('567.894','En','2.800','MECHELEN','MELI NATUUR 500g','MELI','CHOCO','1,2','1',to_timestamp('11/08/07 00:00:00,000000000','DD/MM/RR HH24:MI:SS,FF'));
Insert into C_ORIGINEEL (KLANT_KAART_NR,KLANT_NAAM,POSTCODE,FILIAAL,PRODUCT_NAAM,PRODUCT_MERK,PRODUCT_CATEGORIE,EENHEIDSPRIJS,HOEVEELHEID,DATUMVERKOOP) values ('567.895','De','2.800','MECHELEN','KWATTA NOIR','KWATTA','CHOCO','2,3','3',to_timestamp('11/08/07 00:00:00,000000000','DD/MM/RR HH24:MI:SS,FF'));
Insert into C_ORIGINEEL (KLANT_KAART_NR,KLANT_NAAM,POSTCODE,FILIAAL,PRODUCT_NAAM,PRODUCT_MERK,PRODUCT_CATEGORIE,EENHEIDSPRIJS,HOEVEELHEID,DATUMVERKOOP) values ('567.895','De','2.800','MECHELEN','MELI NATUUR 500g','MELI','CHOCO','1,2','2',to_timestamp('01/08/07 00:00:00,000000000','DD/MM/RR HH24:MI:SS,FF'));
Insert into C_ORIGINEEL (KLANT_KAART_NR,KLANT_NAAM,POSTCODE,FILIAAL,PRODUCT_NAAM,PRODUCT_MERK,PRODUCT_CATEGORIE,EENHEIDSPRIJS,HOEVEELHEID,DATUMVERKOOP) values ('567.896','Kost','2.800','MECHELEN','MELI NATUUR 500g','MELI','CHOCO','1,2','1',null);
Insert into C_ORIGINEEL (KLANT_KAART_NR,KLANT_NAAM,POSTCODE,FILIAAL,PRODUCT_NAAM,PRODUCT_MERK,PRODUCT_CATEGORIE,EENHEIDSPRIJS,HOEVEELHEID,DATUMVERKOOP) values ('567.896','Kost','2.800','MECHELEN','TANTE VIVIANE kersen 300g','TANTE VIVIANE','CONFITUUR','1,2','1',to_timestamp('01/08/07 00:00:00,000000000','DD/MM/RR HH24:MI:SS,FF'));
Insert into C_ORIGINEEL (KLANT_KAART_NR,KLANT_NAAM,POSTCODE,FILIAAL,PRODUCT_NAAM,PRODUCT_MERK,PRODUCT_CATEGORIE,EENHEIDSPRIJS,HOEVEELHEID,DATUMVERKOOP) values ('567.897','Ali','2.800','MECHELEN','MELI NATUUR 500g','MELI','CHOCO','1,2','2',to_timestamp('02/08/07 00:00:00,000000000','DD/MM/RR HH24:MI:SS,FF'));
Insert into C_ORIGINEEL (KLANT_KAART_NR,KLANT_NAAM,POSTCODE,FILIAAL,PRODUCT_NAAM,PRODUCT_MERK,PRODUCT_CATEGORIE,EENHEIDSPRIJS,HOEVEELHEID,DATUMVERKOOP) values ('567.897','Ali','2.800','VILVOORDE','NUTELLA PUUR 300g','NUTELLA','CHOCO','2','1',to_timestamp('01/08/07 00:00:00,000000000','DD/MM/RR HH24:MI:SS,FF'));
Insert into C_ORIGINEEL (KLANT_KAART_NR,KLANT_NAAM,POSTCODE,FILIAAL,PRODUCT_NAAM,PRODUCT_MERK,PRODUCT_CATEGORIE,EENHEIDSPRIJS,HOEVEELHEID,DATUMVERKOOP) values ('567.897','Ali','2.800','MECHELEN','TANTE VIVIANE stekelbes 300g','TANTE VIVIANE','CONFITUUR','1,2','2',to_timestamp('04/08/07 00:00:00,000000000','DD/MM/RR HH24:MI:SS,FF'));
Insert into C_ORIGINEEL (KLANT_KAART_NR,KLANT_NAAM,POSTCODE,FILIAAL,PRODUCT_NAAM,PRODUCT_MERK,PRODUCT_CATEGORIE,EENHEIDSPRIJS,HOEVEELHEID,DATUMVERKOOP) values ('567.898','Adam','2.800','MECHELEN','MELI DIABETIC 50g','MELI','CHOCO','3,5','2',to_timestamp('03/08/07 00:00:00,000000000','DD/MM/RR HH24:MI:SS,FF'));
Insert into C_ORIGINEEL (KLANT_KAART_NR,KLANT_NAAM,POSTCODE,FILIAAL,PRODUCT_NAAM,PRODUCT_MERK,PRODUCT_CATEGORIE,EENHEIDSPRIJS,HOEVEELHEID,DATUMVERKOOP) values ('567.898','Adam','2.800','VILVOORDE','NUTELLA PUUR 300g','NUTELLA','CHOCO','2','1',to_timestamp('02/08/07 00:00:00,000000000','DD/MM/RR HH24:MI:SS,FF'));
Insert into C_ORIGINEEL (KLANT_KAART_NR,KLANT_NAAM,POSTCODE,FILIAAL,PRODUCT_NAAM,PRODUCT_MERK,PRODUCT_CATEGORIE,EENHEIDSPRIJS,HOEVEELHEID,DATUMVERKOOP) values ('567.899','Eva','1.982','MECHELEN','MELI DIABETIC 50g','MELI','CHOCO','3','2',to_timestamp('04/08/07 00:00:00,000000000','DD/MM/RR HH24:MI:SS,FF'));
Insert into C_ORIGINEEL (KLANT_KAART_NR,KLANT_NAAM,POSTCODE,FILIAAL,PRODUCT_NAAM,PRODUCT_MERK,PRODUCT_CATEGORIE,EENHEIDSPRIJS,HOEVEELHEID,DATUMVERKOOP) values ('567.899','Eva','1.982','VILVOORDE','NUTELLA PUUR 300g','NUTELLA','CHOCO','2,2','2',to_timestamp('04/08/07 00:00:00,000000000','DD/MM/RR HH24:MI:SS,FF'));
Insert into C_ORIGINEEL (KLANT_KAART_NR,KLANT_NAAM,POSTCODE,FILIAAL,PRODUCT_NAAM,PRODUCT_MERK,PRODUCT_CATEGORIE,EENHEIDSPRIJS,HOEVEELHEID,DATUMVERKOOP) values ('567.900','Van Goethem','1.982','MECHELEN','MEGA PLOP CHOCO 800g','PLOP CHOCO','CHOCO','4','12',to_timestamp('07/08/07 00:00:00,000000000','DD/MM/RR HH24:MI:SS,FF'));
Insert into C_ORIGINEEL (KLANT_KAART_NR,KLANT_NAAM,POSTCODE,FILIAAL,PRODUCT_NAAM,PRODUCT_MERK,PRODUCT_CATEGORIE,EENHEIDSPRIJS,HOEVEELHEID,DATUMVERKOOP) values ('567.900','Frankie','1.982','VILVOORDE','NUTELLA LIGHT 250g','NUTELLA','CHOCO','2,5','1',to_timestamp('06/08/07 00:00:00,000000000','DD/MM/RR HH24:MI:SS,FF'));
Insert into C_ORIGINEEL (KLANT_KAART_NR,KLANT_NAAM,POSTCODE,FILIAAL,PRODUCT_NAAM,PRODUCT_MERK,PRODUCT_CATEGORIE,EENHEIDSPRIJS,HOEVEELHEID,DATUMVERKOOP) values ('965.487','Vercauteren','1.800','MECHELEN','CHOCERDECHOC','PLOP CHOCO','CHOCO','2,2','1',to_timestamp('02/08/07 00:00:00,000000000','DD/MM/RR HH24:MI:SS,FF'));
Insert into C_ORIGINEEL (KLANT_KAART_NR,KLANT_NAAM,POSTCODE,FILIAAL,PRODUCT_NAAM,PRODUCT_MERK,PRODUCT_CATEGORIE,EENHEIDSPRIJS,HOEVEELHEID,DATUMVERKOOP) values ('965.487','Vercauteren','1.800','MECHELEN','CHOCERDECHOC','PLOP CHOCO','CHOCO','2,2','1',to_timestamp('03/08/07 00:00:00,000000000','DD/MM/RR HH24:MI:SS,FF'));
Insert into C_ORIGINEEL (KLANT_KAART_NR,KLANT_NAAM,POSTCODE,FILIAAL,PRODUCT_NAAM,PRODUCT_MERK,PRODUCT_CATEGORIE,EENHEIDSPRIJS,HOEVEELHEID,DATUMVERKOOP) values ('965.487','Vercauteren','1.800','MECHELEN','KWATTA PUUR','KWATTA','CHOCO','2','1',to_timestamp('04/08/07 00:00:00,000000000','DD/MM/RR HH24:MI:SS,FF'));
Insert into C_ORIGINEEL (KLANT_KAART_NR,KLANT_NAAM,POSTCODE,FILIAAL,PRODUCT_NAAM,PRODUCT_MERK,PRODUCT_CATEGORIE,EENHEIDSPRIJS,HOEVEELHEID,DATUMVERKOOP) values ('965.487','Vercauteren','1.000','MECHELEN','NUTELLA LIGHT 250g','NUTELLA','CHOCO','2,5','2',to_timestamp('07/08/07 00:00:00,000000000','DD/MM/RR HH24:MI:SS,FF'));
Insert into C_ORIGINEEL (KLANT_KAART_NR,KLANT_NAAM,POSTCODE,FILIAAL,PRODUCT_NAAM,PRODUCT_MERK,PRODUCT_CATEGORIE,EENHEIDSPRIJS,HOEVEELHEID,DATUMVERKOOP) values ('965.487','Vercauteren','1.000','MECHELEN','NUTELLA LIGHT 250g','NUTELLA','CHOCO','2,5','1',to_timestamp('09/08/07 00:00:00,000000000','DD/MM/RR HH24:MI:SS,FF'));
Insert into C_ORIGINEEL (KLANT_KAART_NR,KLANT_NAAM,POSTCODE,FILIAAL,PRODUCT_NAAM,PRODUCT_MERK,PRODUCT_CATEGORIE,EENHEIDSPRIJS,HOEVEELHEID,DATUMVERKOOP) values ('965.487','Vercauteren','1.800','MECHELEN','NUTELLA PUUR 300g','NUTELLA','CHOCO','2,2','1',to_timestamp('04/08/07 00:00:00,000000000','DD/MM/RR HH24:MI:SS,FF'));

---------------------------------------------------
--   END DATA FOR TABLE C_ORIGINEEL
---------------------------------------------------

---------------------------------------------------
--   DATA FOR TABLE C_DIM_PRODUCT
--   FILTER = none used
---------------------------------------------------
REM INSERTING into C_DIM_PRODUCT
Insert into C_DIM_PRODUCT (PRODUCT_TK,PRODUCT_NAAM,PRODUCT_MERK,PRODUCT_CATEGORIE) values (1,'NUTELLA PUUR 300g','NUTELLA','CHOCO');
Insert into C_DIM_PRODUCT (PRODUCT_TK,PRODUCT_NAAM,PRODUCT_MERK,PRODUCT_CATEGORIE) values (2,'NUTELLA LIGHT 250g','NUTELLA','CHOCO');
Insert into C_DIM_PRODUCT (PRODUCT_TK,PRODUCT_NAAM,PRODUCT_MERK,PRODUCT_CATEGORIE) values (3,'MELI NATUUR 500g','MELI','CHOCO');
Insert into C_DIM_PRODUCT (PRODUCT_TK,PRODUCT_NAAM,PRODUCT_MERK,PRODUCT_CATEGORIE) values (4,'MELI DIABETIC 50g','MELI','CHOCO');
Insert into C_DIM_PRODUCT (PRODUCT_TK,PRODUCT_NAAM,PRODUCT_MERK,PRODUCT_CATEGORIE) values (5,'MEGA PLOP CHOCO 800g','PLOP CHOCO','CHOCO');
Insert into C_DIM_PRODUCT (PRODUCT_TK,PRODUCT_NAAM,PRODUCT_MERK,PRODUCT_CATEGORIE) values (6,'CHOCERDECHOC','PLOP CHOCO','CHOCO');
Insert into C_DIM_PRODUCT (PRODUCT_TK,PRODUCT_NAAM,PRODUCT_MERK,PRODUCT_CATEGORIE) values (7,'KWATTA NOIR','KWATTA','CHOCO');
Insert into C_DIM_PRODUCT (PRODUCT_TK,PRODUCT_NAAM,PRODUCT_MERK,PRODUCT_CATEGORIE) values (8,'TANTE VIVIANE kersen 300g','TANTE VIVIANE','CONFITUUR');
Insert into C_DIM_PRODUCT (PRODUCT_TK,PRODUCT_NAAM,PRODUCT_MERK,PRODUCT_CATEGORIE) values (9,'TANTE VIVIANE stekelbes 300g','TANTE VIVIANE','CONFITUUR');
Insert into C_DIM_PRODUCT (PRODUCT_TK,PRODUCT_NAAM,PRODUCT_MERK,PRODUCT_CATEGORIE) values (10,'KWATTA PUUR','KWATTA','CHOCO');

---------------------------------------------------
--   END DATA FOR TABLE C_DIM_PRODUCT
---------------------------------------------------

---------------------------------------------------
--   DATA FOR TABLE C_DIM_KLANT
--   FILTER = none used
---------------------------------------------------
REM INSERTING into C_DIM_KLANT
Insert into C_DIM_KLANT (KLANT_TK,KLANT_KAART_NR,POSTCODE) values (1,'111.115','1.800');
Insert into C_DIM_KLANT (KLANT_TK,KLANT_KAART_NR,POSTCODE) values (2,'111.116','1.800');
Insert into C_DIM_KLANT (KLANT_TK,KLANT_KAART_NR,POSTCODE) values (3,'111.117','1.800');
Insert into C_DIM_KLANT (KLANT_TK,KLANT_KAART_NR,POSTCODE) values (4,'111.118','1.800');
Insert into C_DIM_KLANT (KLANT_TK,KLANT_KAART_NR,POSTCODE) values (5,'111.119','1.800');
Insert into C_DIM_KLANT (KLANT_TK,KLANT_KAART_NR,POSTCODE) values (6,'111.120','1.800');
Insert into C_DIM_KLANT (KLANT_TK,KLANT_KAART_NR,POSTCODE) values (7,'111.121','1.800');
Insert into C_DIM_KLANT (KLANT_TK,KLANT_KAART_NR,POSTCODE) values (8,'123.456','2.800');
Insert into C_DIM_KLANT (KLANT_TK,KLANT_KAART_NR,POSTCODE) values (9,'567.893','1.982');
Insert into C_DIM_KLANT (KLANT_TK,KLANT_KAART_NR,POSTCODE) values (10,'567.894','2.800');
Insert into C_DIM_KLANT (KLANT_TK,KLANT_KAART_NR,POSTCODE) values (11,'567.895','2.800');
Insert into C_DIM_KLANT (KLANT_TK,KLANT_KAART_NR,POSTCODE) values (12,'567.896','2.800');
Insert into C_DIM_KLANT (KLANT_TK,KLANT_KAART_NR,POSTCODE) values (13,'567.897','2.800');
Insert into C_DIM_KLANT (KLANT_TK,KLANT_KAART_NR,POSTCODE) values (14,'567.898','2.800');
Insert into C_DIM_KLANT (KLANT_TK,KLANT_KAART_NR,POSTCODE) values (15,'567.899','1.982');
Insert into C_DIM_KLANT (KLANT_TK,KLANT_KAART_NR,POSTCODE) values (16,'567.900','1.982');
Insert into C_DIM_KLANT (KLANT_TK,KLANT_KAART_NR,POSTCODE) values (17,'965.487','1.000');

---------------------------------------------------
--   END DATA FOR TABLE C_DIM_KLANT
---------------------------------------------------

---------------------------------------------------
--   DATA FOR TABLE C_DIM_FILIAAL
--   FILTER = none used
---------------------------------------------------
REM INSERTING into C_DIM_FILIAAL
Insert into C_DIM_FILIAAL (FILIAAL_TK,FILIAALNAAM) values (97,'VILVOORDE');
Insert into C_DIM_FILIAAL (FILIAAL_TK,FILIAALNAAM) values (98,'MECHELEN');

---------------------------------------------------
--   END DATA FOR TABLE C_DIM_FILIAAL
---------------------------------------------------

---------------------------------------------------
--   DATA FOR TABLE C_VERKOOP_FEIT
--   FILTER = none used
---------------------------------------------------
REM INSERTING into C_VERKOOP_FEIT
Insert into C_VERKOOP_FEIT (KLANT_ID,DATUM_ID,FILIAAL_ID,PRODUCT_ID,HOEVEELHEID,BRUTO_OPBRENGST,FEIT_TK) values (1,0,97,5,3,12,1);
Insert into C_VERKOOP_FEIT (KLANT_ID,DATUM_ID,FILIAAL_ID,PRODUCT_ID,HOEVEELHEID,BRUTO_OPBRENGST,FEIT_TK) values (1,6,97,10,1,2,2);
Insert into C_VERKOOP_FEIT (KLANT_ID,DATUM_ID,FILIAAL_ID,PRODUCT_ID,HOEVEELHEID,BRUTO_OPBRENGST,FEIT_TK) values (1,8,97,2,3,7,3);
Insert into C_VERKOOP_FEIT (KLANT_ID,DATUM_ID,FILIAAL_ID,PRODUCT_ID,HOEVEELHEID,BRUTO_OPBRENGST,FEIT_TK) values (1,12,97,7,2,4,4);
Insert into C_VERKOOP_FEIT (KLANT_ID,DATUM_ID,FILIAAL_ID,PRODUCT_ID,HOEVEELHEID,BRUTO_OPBRENGST,FEIT_TK) values (2,1,97,8,3,3,5);
Insert into C_VERKOOP_FEIT (KLANT_ID,DATUM_ID,FILIAAL_ID,PRODUCT_ID,HOEVEELHEID,BRUTO_OPBRENGST,FEIT_TK) values (2,8,97,10,2,4,6);
Insert into C_VERKOOP_FEIT (KLANT_ID,DATUM_ID,FILIAAL_ID,PRODUCT_ID,HOEVEELHEID,BRUTO_OPBRENGST,FEIT_TK) values (2,10,97,2,1,2,7);
Insert into C_VERKOOP_FEIT (KLANT_ID,DATUM_ID,FILIAAL_ID,PRODUCT_ID,HOEVEELHEID,BRUTO_OPBRENGST,FEIT_TK) values (2,11,97,5,2,8,8);
Insert into C_VERKOOP_FEIT (KLANT_ID,DATUM_ID,FILIAAL_ID,PRODUCT_ID,HOEVEELHEID,BRUTO_OPBRENGST,FEIT_TK) values (3,0,97,7,1,2,9);
Insert into C_VERKOOP_FEIT (KLANT_ID,DATUM_ID,FILIAAL_ID,PRODUCT_ID,HOEVEELHEID,BRUTO_OPBRENGST,FEIT_TK) values (3,2,97,4,3,10,10);
Insert into C_VERKOOP_FEIT (KLANT_ID,DATUM_ID,FILIAAL_ID,PRODUCT_ID,HOEVEELHEID,BRUTO_OPBRENGST,FEIT_TK) values (3,2,97,8,4,4,11);
Insert into C_VERKOOP_FEIT (KLANT_ID,DATUM_ID,FILIAAL_ID,PRODUCT_ID,HOEVEELHEID,BRUTO_OPBRENGST,FEIT_TK) values (3,12,97,6,1,2,12);
Insert into C_VERKOOP_FEIT (KLANT_ID,DATUM_ID,FILIAAL_ID,PRODUCT_ID,HOEVEELHEID,BRUTO_OPBRENGST,FEIT_TK) values (4,1,97,6,5,10,13);
Insert into C_VERKOOP_FEIT (KLANT_ID,DATUM_ID,FILIAAL_ID,PRODUCT_ID,HOEVEELHEID,BRUTO_OPBRENGST,FEIT_TK) values (4,2,97,8,3,3,14);
Insert into C_VERKOOP_FEIT (KLANT_ID,DATUM_ID,FILIAAL_ID,PRODUCT_ID,HOEVEELHEID,BRUTO_OPBRENGST,FEIT_TK) values (4,4,97,4,1,3,15);
Insert into C_VERKOOP_FEIT (KLANT_ID,DATUM_ID,FILIAAL_ID,PRODUCT_ID,HOEVEELHEID,BRUTO_OPBRENGST,FEIT_TK) values (5,1,97,6,5,10,16);
Insert into C_VERKOOP_FEIT (KLANT_ID,DATUM_ID,FILIAAL_ID,PRODUCT_ID,HOEVEELHEID,BRUTO_OPBRENGST,FEIT_TK) values (5,3,97,9,2,2,17);
Insert into C_VERKOOP_FEIT (KLANT_ID,DATUM_ID,FILIAAL_ID,PRODUCT_ID,HOEVEELHEID,BRUTO_OPBRENGST,FEIT_TK) values (5,6,97,4,3,9,18);
Insert into C_VERKOOP_FEIT (KLANT_ID,DATUM_ID,FILIAAL_ID,PRODUCT_ID,HOEVEELHEID,BRUTO_OPBRENGST,FEIT_TK) values (6,2,97,6,1,2,19);
Insert into C_VERKOOP_FEIT (KLANT_ID,DATUM_ID,FILIAAL_ID,PRODUCT_ID,HOEVEELHEID,BRUTO_OPBRENGST,FEIT_TK) values (6,4,97,9,1,1,20);
Insert into C_VERKOOP_FEIT (KLANT_ID,DATUM_ID,FILIAAL_ID,PRODUCT_ID,HOEVEELHEID,BRUTO_OPBRENGST,FEIT_TK) values (6,8,97,5,1,4,21);
Insert into C_VERKOOP_FEIT (KLANT_ID,DATUM_ID,FILIAAL_ID,PRODUCT_ID,HOEVEELHEID,BRUTO_OPBRENGST,FEIT_TK) values (7,4,97,10,1,2,22);
Insert into C_VERKOOP_FEIT (KLANT_ID,DATUM_ID,FILIAAL_ID,PRODUCT_ID,HOEVEELHEID,BRUTO_OPBRENGST,FEIT_TK) values (7,6,97,9,3,3,23);
Insert into C_VERKOOP_FEIT (KLANT_ID,DATUM_ID,FILIAAL_ID,PRODUCT_ID,HOEVEELHEID,BRUTO_OPBRENGST,FEIT_TK) values (7,9,97,5,1,4,24);
Insert into C_VERKOOP_FEIT (KLANT_ID,DATUM_ID,FILIAAL_ID,PRODUCT_ID,HOEVEELHEID,BRUTO_OPBRENGST,FEIT_TK) values (8,1,98,1,1,2,25);
Insert into C_VERKOOP_FEIT (KLANT_ID,DATUM_ID,FILIAAL_ID,PRODUCT_ID,HOEVEELHEID,BRUTO_OPBRENGST,FEIT_TK) values (8,2,98,1,2,4,26);
Insert into C_VERKOOP_FEIT (KLANT_ID,DATUM_ID,FILIAAL_ID,PRODUCT_ID,HOEVEELHEID,BRUTO_OPBRENGST,FEIT_TK) values (8,3,98,1,3,6,27);
Insert into C_VERKOOP_FEIT (KLANT_ID,DATUM_ID,FILIAAL_ID,PRODUCT_ID,HOEVEELHEID,BRUTO_OPBRENGST,FEIT_TK) values (8,11,98,3,4,4,28);
Insert into C_VERKOOP_FEIT (KLANT_ID,DATUM_ID,FILIAAL_ID,PRODUCT_ID,HOEVEELHEID,BRUTO_OPBRENGST,FEIT_TK) values (9,7,98,10,2,4,29);
Insert into C_VERKOOP_FEIT (KLANT_ID,DATUM_ID,FILIAAL_ID,PRODUCT_ID,HOEVEELHEID,BRUTO_OPBRENGST,FEIT_TK) values (10,9,98,7,2,4,30);
Insert into C_VERKOOP_FEIT (KLANT_ID,DATUM_ID,FILIAAL_ID,PRODUCT_ID,HOEVEELHEID,BRUTO_OPBRENGST,FEIT_TK) values (10,12,98,3,1,1,31);
Insert into C_VERKOOP_FEIT (KLANT_ID,DATUM_ID,FILIAAL_ID,PRODUCT_ID,HOEVEELHEID,BRUTO_OPBRENGST,FEIT_TK) values (11,1,98,3,2,2,32);
Insert into C_VERKOOP_FEIT (KLANT_ID,DATUM_ID,FILIAAL_ID,PRODUCT_ID,HOEVEELHEID,BRUTO_OPBRENGST,FEIT_TK) values (11,11,98,7,3,6,33);
Insert into C_VERKOOP_FEIT (KLANT_ID,DATUM_ID,FILIAAL_ID,PRODUCT_ID,HOEVEELHEID,BRUTO_OPBRENGST,FEIT_TK) values (12,0,98,3,1,1,34);
Insert into C_VERKOOP_FEIT (KLANT_ID,DATUM_ID,FILIAAL_ID,PRODUCT_ID,HOEVEELHEID,BRUTO_OPBRENGST,FEIT_TK) values (12,1,98,8,1,1,35);
Insert into C_VERKOOP_FEIT (KLANT_ID,DATUM_ID,FILIAAL_ID,PRODUCT_ID,HOEVEELHEID,BRUTO_OPBRENGST,FEIT_TK) values (13,1,97,1,1,2,36);
Insert into C_VERKOOP_FEIT (KLANT_ID,DATUM_ID,FILIAAL_ID,PRODUCT_ID,HOEVEELHEID,BRUTO_OPBRENGST,FEIT_TK) values (13,2,98,3,2,2,37);
Insert into C_VERKOOP_FEIT (KLANT_ID,DATUM_ID,FILIAAL_ID,PRODUCT_ID,HOEVEELHEID,BRUTO_OPBRENGST,FEIT_TK) values (13,4,98,9,2,2,38);
Insert into C_VERKOOP_FEIT (KLANT_ID,DATUM_ID,FILIAAL_ID,PRODUCT_ID,HOEVEELHEID,BRUTO_OPBRENGST,FEIT_TK) values (14,2,97,1,1,2,39);
Insert into C_VERKOOP_FEIT (KLANT_ID,DATUM_ID,FILIAAL_ID,PRODUCT_ID,HOEVEELHEID,BRUTO_OPBRENGST,FEIT_TK) values (14,3,98,4,2,7,40);
Insert into C_VERKOOP_FEIT (KLANT_ID,DATUM_ID,FILIAAL_ID,PRODUCT_ID,HOEVEELHEID,BRUTO_OPBRENGST,FEIT_TK) values (15,4,97,1,2,4,41);
Insert into C_VERKOOP_FEIT (KLANT_ID,DATUM_ID,FILIAAL_ID,PRODUCT_ID,HOEVEELHEID,BRUTO_OPBRENGST,FEIT_TK) values (15,4,98,4,2,6,42);
Insert into C_VERKOOP_FEIT (KLANT_ID,DATUM_ID,FILIAAL_ID,PRODUCT_ID,HOEVEELHEID,BRUTO_OPBRENGST,FEIT_TK) values (16,6,97,2,1,2,43);
Insert into C_VERKOOP_FEIT (KLANT_ID,DATUM_ID,FILIAAL_ID,PRODUCT_ID,HOEVEELHEID,BRUTO_OPBRENGST,FEIT_TK) values (16,7,98,5,12,48,44);
Insert into C_VERKOOP_FEIT (KLANT_ID,DATUM_ID,FILIAAL_ID,PRODUCT_ID,HOEVEELHEID,BRUTO_OPBRENGST,FEIT_TK) values (17,2,98,6,1,2,45);
Insert into C_VERKOOP_FEIT (KLANT_ID,DATUM_ID,FILIAAL_ID,PRODUCT_ID,HOEVEELHEID,BRUTO_OPBRENGST,FEIT_TK) values (17,3,98,6,1,2,46);
Insert into C_VERKOOP_FEIT (KLANT_ID,DATUM_ID,FILIAAL_ID,PRODUCT_ID,HOEVEELHEID,BRUTO_OPBRENGST,FEIT_TK) values (17,4,98,1,1,2,47);
Insert into C_VERKOOP_FEIT (KLANT_ID,DATUM_ID,FILIAAL_ID,PRODUCT_ID,HOEVEELHEID,BRUTO_OPBRENGST,FEIT_TK) values (17,4,98,10,1,2,48);
Insert into C_VERKOOP_FEIT (KLANT_ID,DATUM_ID,FILIAAL_ID,PRODUCT_ID,HOEVEELHEID,BRUTO_OPBRENGST,FEIT_TK) values (17,7,98,2,2,5,49);
Insert into C_VERKOOP_FEIT (KLANT_ID,DATUM_ID,FILIAAL_ID,PRODUCT_ID,HOEVEELHEID,BRUTO_OPBRENGST,FEIT_TK) values (17,9,98,2,1,2,50);

---------------------------------------------------
--   END DATA FOR TABLE C_VERKOOP_FEIT
---------------------------------------------------

---------------------------------------------------
--   DATA FOR TABLE C_DIM_KALENDER
--   FILTER = none used
---------------------------------------------------
REM INSERTING into C_DIM_KALENDER
Insert into C_DIM_KALENDER (DATUM_TK,DATUM,NR_DAG,JAAR,MAAND) values (1,to_timestamp('01/08/07 00:00:00,000000000','DD/MM/RR HH24:MI:SS,FF'),3,2007,8);
Insert into C_DIM_KALENDER (DATUM_TK,DATUM,NR_DAG,JAAR,MAAND) values (2,to_timestamp('02/08/07 00:00:00,000000000','DD/MM/RR HH24:MI:SS,FF'),4,2007,8);
Insert into C_DIM_KALENDER (DATUM_TK,DATUM,NR_DAG,JAAR,MAAND) values (3,to_timestamp('03/08/07 00:00:00,000000000','DD/MM/RR HH24:MI:SS,FF'),5,2007,8);
Insert into C_DIM_KALENDER (DATUM_TK,DATUM,NR_DAG,JAAR,MAAND) values (4,to_timestamp('04/08/07 00:00:00,000000000','DD/MM/RR HH24:MI:SS,FF'),6,2007,8);
Insert into C_DIM_KALENDER (DATUM_TK,DATUM,NR_DAG,JAAR,MAAND) values (6,to_timestamp('06/08/07 00:00:00,000000000','DD/MM/RR HH24:MI:SS,FF'),1,2007,8);
Insert into C_DIM_KALENDER (DATUM_TK,DATUM,NR_DAG,JAAR,MAAND) values (7,to_timestamp('07/08/07 00:00:00,000000000','DD/MM/RR HH24:MI:SS,FF'),2,2007,8);
Insert into C_DIM_KALENDER (DATUM_TK,DATUM,NR_DAG,JAAR,MAAND) values (8,to_timestamp('08/08/07 00:00:00,000000000','DD/MM/RR HH24:MI:SS,FF'),3,2007,8);
Insert into C_DIM_KALENDER (DATUM_TK,DATUM,NR_DAG,JAAR,MAAND) values (9,to_timestamp('09/08/07 00:00:00,000000000','DD/MM/RR HH24:MI:SS,FF'),4,2007,8);
Insert into C_DIM_KALENDER (DATUM_TK,DATUM,NR_DAG,JAAR,MAAND) values (10,to_timestamp('10/08/07 00:00:00,000000000','DD/MM/RR HH24:MI:SS,FF'),5,2007,8);
Insert into C_DIM_KALENDER (DATUM_TK,DATUM,NR_DAG,JAAR,MAAND) values (11,to_timestamp('11/08/07 00:00:00,000000000','DD/MM/RR HH24:MI:SS,FF'),6,2007,8);
Insert into C_DIM_KALENDER (DATUM_TK,DATUM,NR_DAG,JAAR,MAAND) values (12,to_timestamp('12/08/07 00:00:00,000000000','DD/MM/RR HH24:MI:SS,FF'),7,2007,8);
Insert into C_DIM_KALENDER (DATUM_TK,DATUM,NR_DAG,JAAR,MAAND) values (5,to_timestamp('05/08/07 00:00:00,000000000','DD/MM/RR HH24:MI:SS,FF'),7,2007,8);
Insert into C_DIM_KALENDER (DATUM_TK,DATUM,NR_DAG,JAAR,MAAND) values (0,to_timestamp('01/01/00 00:00:00,000000000','DD/MM/RR HH24:MI:SS,FF'),0,2007,8);

---------------------------------------------------
--   END DATA FOR TABLE C_DIM_KALENDER
---------------------------------------------------
--------------------------------------------------------
--  Constraints for Table C_DIM_FILIAAL
--------------------------------------------------------

  ALTER TABLE "C_DIM_FILIAAL" ADD CONSTRAINT "C_DIM_FILIAAL_PK" PRIMARY KEY ("FILIAAL_TK") ENABLE;
 
  ALTER TABLE "C_DIM_FILIAAL" MODIFY ("FILIAAL_TK" NOT NULL ENABLE);
--------------------------------------------------------
--  Constraints for Table C_DIM_KALENDER
--------------------------------------------------------

  ALTER TABLE "C_DIM_KALENDER" ADD CONSTRAINT "C_DIM_KALENDER_PK" PRIMARY KEY ("DATUM_TK") ENABLE;
 
  ALTER TABLE "C_DIM_KALENDER" MODIFY ("DATUM_TK" NOT NULL ENABLE);
--------------------------------------------------------
--  Constraints for Table C_DIM_KLANT
--------------------------------------------------------

  ALTER TABLE "C_DIM_KLANT" ADD CONSTRAINT "P_DIM_KLANT" PRIMARY KEY ("KLANT_TK") ENABLE;
 
  ALTER TABLE "C_DIM_KLANT" MODIFY ("KLANT_TK" NOT NULL ENABLE);
 
  ALTER TABLE "C_DIM_KLANT" MODIFY ("KLANT_KAART_NR" NOT NULL ENABLE);
 
  ALTER TABLE "C_DIM_KLANT" MODIFY ("POSTCODE" NOT NULL ENABLE);
--------------------------------------------------------
--  Constraints for Table C_DIM_PRODUCT
--------------------------------------------------------

  ALTER TABLE "C_DIM_PRODUCT" ADD CONSTRAINT "P_DIM_PRODUCT" PRIMARY KEY ("PRODUCT_TK") ENABLE;
 
  ALTER TABLE "C_DIM_PRODUCT" MODIFY ("PRODUCT_TK" NOT NULL ENABLE);

--------------------------------------------------------
--  Constraints for Table C_VERKOOP_FEIT
--------------------------------------------------------

  ALTER TABLE "C_VERKOOP_FEIT" ADD CONSTRAINT "P_VERKOOP_FEIT" PRIMARY KEY ("FEIT_TK") ENABLE;
 
  ALTER TABLE "C_VERKOOP_FEIT" MODIFY ("KLANT_ID" NOT NULL ENABLE);
 
  ALTER TABLE "C_VERKOOP_FEIT" MODIFY ("DATUM_ID" NOT NULL ENABLE);
 
  ALTER TABLE "C_VERKOOP_FEIT" MODIFY ("FILIAAL_ID" NOT NULL ENABLE);
 
  ALTER TABLE "C_VERKOOP_FEIT" MODIFY ("PRODUCT_ID" NOT NULL ENABLE);
 
  ALTER TABLE "C_VERKOOP_FEIT" MODIFY ("HOEVEELHEID" NOT NULL ENABLE);
 
  ALTER TABLE "C_VERKOOP_FEIT" MODIFY ("BRUTO_OPBRENGST" NOT NULL ENABLE);
--------------------------------------------------------
--  DDL for Index C_DIM_FILIAAL_PK
--------------------------------------------------------

  CREATE UNIQUE INDEX "C_DIM_FILIAAL_PK" ON "C_DIM_FILIAAL" ("FILIAAL_TK") 
  ;
--------------------------------------------------------
--  DDL for Index C_DIM_KALENDER_PK
--------------------------------------------------------

  CREATE UNIQUE INDEX "C_DIM_KALENDER_PK" ON "C_DIM_KALENDER" ("DATUM_TK") 
  ;
--------------------------------------------------------
--  DDL for Index P_DIM_KLANT
--------------------------------------------------------

  CREATE UNIQUE INDEX "P_DIM_KLANT" ON "C_DIM_KLANT" ("KLANT_TK") 
  ;
--------------------------------------------------------
--  DDL for Index P_DIM_PRODUCT
--------------------------------------------------------

  CREATE UNIQUE INDEX "P_DIM_PRODUCT" ON "C_DIM_PRODUCT" ("PRODUCT_TK") 
  ;
--------------------------------------------------------
--  DDL for Index P_VERKOOP_FEIT
--------------------------------------------------------

  CREATE UNIQUE INDEX "P_VERKOOP_FEIT" ON "C_VERKOOP_FEIT" ("FEIT_TK") 
  ;





--------------------------------------------------------
--  Ref Constraints for Table C_VERKOOP_FEIT
--------------------------------------------------------

  ALTER TABLE "C_VERKOOP_FEIT" ADD CONSTRAINT "FK_DATUM" FOREIGN KEY ("DATUM_ID")
	  REFERENCES "C_DIM_KALENDER" ("DATUM_TK") ENABLE;
 
  ALTER TABLE "C_VERKOOP_FEIT" ADD CONSTRAINT "FK_FILIAAL" FOREIGN KEY ("FILIAAL_ID")
	  REFERENCES "C_DIM_FILIAAL" ("FILIAAL_TK") ENABLE;
 
  ALTER TABLE "C_VERKOOP_FEIT" ADD CONSTRAINT "FK_KLANT" FOREIGN KEY ("KLANT_ID")
	  REFERENCES "C_DIM_KLANT" ("KLANT_TK") ENABLE;
 
  ALTER TABLE "C_VERKOOP_FEIT" ADD CONSTRAINT "FK_PRODUCT" FOREIGN KEY ("PRODUCT_ID")
	  REFERENCES "C_DIM_PRODUCT" ("PRODUCT_TK") ENABLE;
--------------------------------------------------------
--  DDL for View SALES
--------------------------------------------------------

  CREATE OR REPLACE VIEW "SALES" ("REPID", "CUSTID", "CUSTNAME", "PRODID", "PRODNAME", "AMOUNT") AS 
  SELECT REPID, ORD.CUSTID, CUSTOMER.NAME CUSTNAME, PRODUCT.PRODID,
DESCRIP PRODNAME, SUM(ITEMTOT) AMOUNT
FROM ORD, ITEM, CUSTOMER, PRODUCT
WHERE ORD.ORDID = ITEM.ORDID
AND ORD.CUSTID = CUSTOMER.CUSTID
AND ITEM.PRODID = PRODUCT.PRODID
GROUP BY REPID, ORD.CUSTID, NAME, PRODUCT.PRODID, DESCRIP;
